등급 인정처,호텔업 구분,결정 등급,등급 결정일,지역,호텔명,객실수,주소,전화번호,홈페이지,위도,경도,평점,1인용 객실 여부,1인용 객실 가격,2인용 객실 여부,2인용 객실 가격,3인용 객실 가격,3인용 객실 여부,4인용 객실 가격,4인용 객실 여부,냉장고,TV,난방,에어컨,욕조,테라스,커피/티 메이커,인터넷,세탁기,다람질 서비스,전용 수영장,반려동물 동반 있음,주방,주차장,체육관/피트니스,24시간 데스크,금연객실,스파/사우나,레스토랑,흡연 구역,더블베드,퀸베드,싱글베드
한국관광협회중앙회,관광호텔업,3성,2023-04-05,서울특별시,더 리센츠 동대문 호텔,207,서울특별시 동대문구 천호대로 383  (장안동),02-3390-7000,http://www.therecenzhotel.com,,,,,,,,,,,,,,,,,,,,,,,,,,,,,,,,,,
한국관광협회중앙회,관광호텔업,3성,2023-03-31,서울특별시,에이큐브 호텔 동대문,43,서울특별시 중구 동호로35길 5 석광빌딩 (을지로5가),02-2264-2888,http://www.acubehotel.com,,,,,,,,,,,,,,,,,,,,,,,,,,,,,,,,,,
한국관광협회중앙회,관광호텔업,3성,2023-03-31,서울특별시,라까사 호텔,88,서울특별시 강남구 도산대로1길 83  (신사동),02-6711-9310,https://www.hotellacasa.kr/,,,,,,,,,,,,,,,,,,,,,,,,,,,,,,,,,,
한국관광협회중앙회,관광호텔업,4성,2023-03-31,부산광역시,레이어스 호텔 하단,350,부산광역시 사하구 낙동남로 1395  (하단동),051-999-1700,http://www.layers-hotel.com,,,,,,,,,,,,,,,,,,,,,,,,,,,,,,,,,,
한국관광협회중앙회,관광호텔업,3성,2023-03-31,서울특별시,사보이 호텔,105,서울특별시 중구 명동8나길 10  (충무로1가),02-772-7700,http://www.savoyhotel.co.kr,,,,,,,,,,,,,,,,,,,,,,,,,,,,,,,,,,
한국관광협회중앙회,관광호텔업,3성,2023-03-31,경상북도,안동 씨엠파크 호텔,62,경상북도 안동시 풍천면 검무로 10-17  ,054-853-7800,http://www.cmparkhotel.com,,,,,,,,,,,,,,,,,,,,,,,,,,,,,,,,,,
한국관광협회중앙회,관광호텔업,5성,2023-03-31,서울특별시,콘래드 서울 호텔,434,서울특별시 영등포구 국제금융로 10  (여의도동),02-6137-7000,http://www.conradseoul.co.kr/,,,,,,,,,,,,,,,,,,,,,,,,,,,,,,,,,,
한국관광협회중앙회,관광호텔업,4성,2023-03-30,강원도,호텔 인터불고 원주,146,강원도 원주시 동부순환로 200  (반곡동),033-769-8114,,,,,,,,,,,,,,,,,,,,,,,,,,,,,,,,,,,
한국관광협회중앙회,관광호텔업,4성,2023-03-30,인천광역시,베스트웨스턴 프리미어 인천 에어포트 호텔,305,인천광역시 중구 공항로424번길 48-27  (운서동),032-743-1000,http://www.airporthotel.co.kr,37.4383983,126.4553689,4.2,있음,214000.0,있음,261800.0,있음,315000.0,없음,,있음,있음,있음,있음,있음,있음,있음,있음,있음,없음,없음,없음,없음,있음,있음,있음,있음,없음,있음,있음,없음,없음,있음
한국관광협회중앙회,관광호텔업,3성,2023-03-30,서울특별시,호텔국도,295,서울특별시 중구 을지로 164  (을지로4가),02-6466-1234,http://www.hotelkukdo.com,,,,,,,,,,,,,,,,,,,,,,,,,,,,,,,,,,
한국관광협회중앙회,관광호텔업,2성,2023-03-30,서울특별시,호텔 디 아티스트,50,서울특별시 강남구 테헤란로29길 11  (역삼동),02-569-4920,https://theartisthotel.modoo.at,,,,,,,,,,,,,,,,,,,,,,,,,,,,,,,,,,
한국관광협회중앙회,관광호텔업,5성,2023-03-30,부산광역시,농심 호텔,240,부산광역시 동래구 금강공원로20번길 23  (온천동),051-550-2100,https://www.hotelnongshim.com/kr/,,,,,,,,,,,,,,,,,,,,,,,,,,,,,,,,,,
한국관광협회중앙회,관광호텔업,2성,2023-03-27,서울특별시,영등포 샤또호텔,34,서울특별시 영등포구 선유로 100  (양평동1가),02-2675-2016,,,,,,,,,,,,,,,,,,,,,,,,,,,,,,,,,,,
한국관광협회중앙회,관광호텔업,2성,2023-03-27,인천광역시,토요코인 인천부평점,510,인천광역시 부평구 광장로 10  (부평동),032-527-1045,https://www.toyoko-inn.com/korea/,37.4909704,126.719319,4.5,있음,75000.0,있음,93000.0,없음,,없음,,있음,있음,있음,있음,있음,없음,있음,있음,없음,없음,없음,없음,없음,있음,없음,있음,있음,없음,있음,있음,있음,있음,있음
한국관광협회중앙회,관광호텔업,2성,2023-03-27,전라남도,프린스행복호텔,58,전라남도 강진군 강진읍 보은로 113-1 프린스행복호텔 ,061-433-7300,,,,,,,,,,,,,,,,,,,,,,,,,,,,,,,,,,,
한국관광협회중앙회,관광호텔업,4성,2023-03-23,서울특별시,나인트리 프리미어호텔 명동 2,408,서울특별시 중구 마른내로 28 (초동),02-6967-0999,http://www.ninetreehotel.com/ntm2,,,,,,,,,,,,,,,,,,,,,,,,,,,,,,,,,,
한국관광협회중앙회,관광호텔업,2성,2023-03-22,경기도,CS 프리미어 관광호텔,157,경기도 안양시 만안구 경수대로 1180  (안양동),031-478-0100,http://www.thecshotel.com,,,,,,,,,,,,,,,,,,,,,,,,,,,,,,,,,,
한국관광협회중앙회,관광호텔업,1성,2023-03-22,서울특별시,노바루스 관광 호텔,32,서울특별시 영등포구 선유로 88-6 노바루스관관호텔 (양평동1가),02-2671-5757,http://www.노바루스관광호텔.com,,,,,,,,,,,,,,,,,,,,,,,,,,,,,,,,,,
한국관광협회중앙회,관광호텔업,3성,2023-03-22,서울특별시,신라스테이 구로,309,서울특별시 동작구 시흥대로 596  (신대방동),02-2162-9102,http://www.shillastay.com,,,,,,,,,,,,,,,,,,,,,,,,,,,,,,,,,,
한국관광협회중앙회,가족호텔업,5성,2023-03-21,서울특별시,메리어트 이그제큐티브 아파트먼트 서울,103,서울특별시 영등포구 여의대로 8  (여의도동),02-2090-8000,http://www.marriott.com/seler,,,,,,,,,,,,,,,,,,,,,,,,,,,,,,,,,,
한국관광협회중앙회,관광호텔업,2성,2023-03-20,울산광역시,토요코인 울산 삼산동,281,울산광역시 남구 삼산로 308  (삼산동),052-257-1045,https://www.toyoko-inn.com/korea/search/detail/00310,,,,,,,,,,,,,,,,,,,,,,,,,,,,,,,,,,
한국관광협회중앙회,관광호텔업,3성,2023-03-17,부산광역시,스탠포드 호텔 부산,132,부산광역시 중구 구덕로 53  (남포동5가),051-795-7700,http://www.stanfordbusan.com/,,,,,,,,,,,,,,,,,,,,,,,,,,,,,,,,,,
한국관광협회중앙회,관광호텔업,3성,2023-03-17,서울특별시,신라스테이 광화문,338,서울특별시 종로구 삼봉로 71  (수송동),02-6060-9000,https://www.shillastay.com/gwanghwamun/index.do,,,,,,,,,,,,,,,,,,,,,,,,,,,,,,,,,,
한국관광협회중앙회,관광호텔업,3성,2023-03-17,서울특별시,신라스테이 마포,382,서울특별시 마포구 마포대로 83  (도화동),02-6979-9000,http://www.shillastay.com,,,,,,,,,,,,,,,,,,,,,,,,,,,,,,,,,,
한국관광협회중앙회,관광호텔업,3성,2023-03-17,울산광역시,신라스테이 울산,335,울산광역시 남구 삼산로 200  (달동),052-900-9100,http://www.shillastay.com/ulsan,,,,,,,,,,,,,,,,,,,,,,,,,,,,,,,,,,
한국관광협회중앙회,관광호텔업,3성,2023-03-17,서울특별시,신라스테이 역삼,306,서울특별시 강남구 언주로 517  (역삼동),02-2054-9000,http://www.shillastay.com,,,,,,,,,,,,,,,,,,,,,,,,,,,,,,,,,,
한국관광협회중앙회,가족호텔업,3성,2023-03-14,서울특별시,라코지스테이 서울,68,서울특별시 중랑구 망우로 232  (상봉동),02-433-6888,http://www.lacozistay.com,,,,,,,,,,,,,,,,,,,,,,,,,,,,,,,,,,
한국관광협회중앙회,관광호텔업,2성,2023-03-13,경기도,그린피아 호텔,52,경기도 화성시 세자로 438 그린피아호텔 (안녕동),031-225-3366,http://www.greenpiahotel.com,,,,,,,,,,,,,,,,,,,,,,,,,,,,,,,,,,
한국관광협회중앙회,관광호텔업,3성,2023-03-13,서울특별시,나인브릭호텔,94,서울특별시 마포구 홍익로5길 32  (서교동),02-3141-8800,http://www.9brickhotel.com,,,,,,,,,,,,,,,,,,,,,,,,,,,,,,,,,,
한국관광협회중앙회,관광호텔업,2성,2023-03-13,울산광역시,울산 시티 호텔,90,울산광역시 남구 삼산로 246 울산시티호텔 (달동),052-240-2024,http://ulsancityhotel.co.kr/,,,,,,,,,,,,,,,,,,,,,,,,,,,,,,,,,,
한국관광협회중앙회,관광호텔업,1성,2023-03-10,경상남도,호텔 휴,30,경상남도 통영시 통영해안로 573  (무전동),055-646-6200,,,,,,,,,,,,,,,,,,,,,,,,,,,,,,,,,,,
한국관광협회중앙회,관광호텔업,1성,2023-03-10,서울특별시,호텔 컬리넌 건대 2,56,서울특별시 광진구 동일로 214 (군자동),02-499-1583,http://hotel cullnan.co.kr,,,,,,,,,,,,,,,,,,,,,,,,,,,,,,,,,,
한국관광협회중앙회,관광호텔업,2성,2023-03-06,대전광역시,베니키아 호텔 대림,44,대전광역시 중구 대종로505번길 50  (선화동),042-251-9500,http://www.daelimhotel.com,,,,,,,,,,,,,,,,,,,,,,,,,,,,,,,,,,
한국관광협회중앙회,관광호텔업,2성,2023-03-06,대전광역시,디엠프레스 호텔,66,대전광역시 서구 한밭대로570번길 29-20  (월평동),042-485-3030,http://www.theempresshotel.co.kr,,,,,,,,,,,,,,,,,,,,,,,,,,,,,,,,,,
한국관광협회중앙회,관광호텔업,2성,2023-03-06,서울특별시,맹그로브 동대문,177,서울특별시 중구 퇴계로 334  (광희동2가),02-0000-0000,https://mangrove.city,,,,,,,,,,,,,,,,,,,,,,,,,,,,,,,,,,
한국관광협회중앙회,관광호텔업,3성,2023-03-06,경상남도,베스트 루이스 해밀턴 호텔,70,경상남도 창원시 성산구 마디미로70번길 10 베스트루이스해밀턴호텔 (상남동),055-261-2525,http://www.bestlouishamilton.com/,,,,,,,,,,,,,,,,,,,,,,,,,,,,,,,,,,
한국관광협회중앙회,관광호텔업,4성,2023-03-06,강원도,인제스피디움,134,강원도 인제군 기린면 상하답로 130  ,033-1644-3366,,,,,,,,,,,,,,,,,,,,,,,,,,,,,,,,,,,
한국관광협회중앙회,관광호텔업,1성,2023-03-06,인천광역시,영종관광호텔,45,인천광역시 중구 운중로21번길 8  (운남동),032-751-8868,,37.4942404,126.5325529,3.6,있음,41000.0,있음,41000.0,없음,,없음,,있음,있음,있음,있음,있음,없음,있음,있음,없음,없음,없음,없음,없음,있음,없음,없음,있음,없음,없음,있음,없음,있음,있음
한국관광협회중앙회,관광호텔업,2성,2023-03-03,경기도,대부도관광호텔,37,경기도 안산시 단원구 사근여길 5 대부도 마리나 호텔 (대부북동),032-888-3860,http://hoteldaebudo.kr/,,,,,,,,,,,,,,,,,,,,,,,,,,,,,,,,,,
한국관광협회중앙회,관광호텔업,5성,2023-03-02,인천광역시,그랜드 하얏트 인천 이스트 타워,523,인천광역시 중구 영종해안남로321번길 208  (운서동),032-745-1234,http://incheon.grand@hyatt.com,37.4399454,126.451972,4.5,없음,,있음,327000.0,있음,410000.0,있음,507000.0,있음,있음,있음,있음,있음,있음,있음,있음,있음,있음,있음,있음,있음,있음,있음,있음,있음,있음,있음,있음,있음,있음,있음
한국관광협회중앙회,관광호텔업,3성,2023-03-02,서울특별시,호텔 프린스 서울,100,서울특별시 중구 퇴계로 130 서울프린스호텔 (남산동2가),02-752-7111,,,,,,,,,,,,,,,,,,,,,,,,,,,,,,,,,,,
한국관광협회중앙회,관광호텔업,2성,2023-03-02,부산광역시,에이치에비뉴 호텔 광안리 해변점,34,부산광역시 수영구 광안해변로278번길 42 b동 9층 (민락동),051-751-5858,http://www.havenuebeach.com/,,,,,,,,,,,,,,,,,,,,,,,,,,,,,,,,,,
한국관광협회중앙회,관광호텔업,3성,2023-03-02,서울특별시,호텔 아트리움 종로,139,서울특별시 종로구 창경궁로 106  (인의동),02-767-9800,https://www.seanhotelgroup.com/hotels/atrium-jongno/ko,,,,,,,,,,,,,,,,,,,,,,,,,,,,,,,,,,
한국관광협회중앙회,관광호텔업,5성,2023-02-28,서울특별시,안다즈 서울 강남,241,서울특별시 강남구 논현로 854  (신사동),02-2193-1234,http:// http://www.hyatt.com/ko-kr/hotel/south-korea/andaz-seoul-gangnam/selaz,,,,,,,,,,,,,,,,,,,,,,,,,,,,,,,,,,
한국관광협회중앙회,관광호텔업,2성,2023-02-28,경상남도,통영거북선호텔,40,경상남도 통영시 미수해안로 72  (미수동),055-646-0710,http://www.geobukseonhotel.com,,,,,,,,,,,,,,,,,,,,,,,,,,,,,,,,,,
한국관광협회중앙회,관광호텔업,5성,2023-02-21,인천광역시,그랜드하얏트인천 웨스트타워,501,인천광역시 중구 영종해안남로321번길 190  (운서동),032-745-1234,http://www.grandhyattincheon.com,37.4399454,126.451972,4.4,없음,,있음,327000.0,있음,410000.0,있음,507000.0,있음,있음,있음,있음,있음,있음,있음,있음,있음,있음,있음,있음,있음,있음,있음,있음,있음,있음,있음,있음,있음,있음,있음
한국관광협회중앙회,관광호텔업,2성,2023-02-21,경기도,송탄 메트로 관광호텔,50,경기도 평택시 관광특구로 24 메트로폴관광호텔 (서정동),031-668-0002,http://www.metropolehotel.co.kr,,,,,,,,,,,,,,,,,,,,,,,,,,,,,,,,,,
한국관광협회중앙회,관광호텔업,2성,2023-02-21,경상북도,호텔스테이 구미,60,경상북도 구미시 여헌로 9 (인의동),054-475-9090,http://hotelstaygumi.com,,,,,,,,,,,,,,,,,,,,,,,,,,,,,,,,,,
한국관광협회중앙회,관광호텔업,3성,2023-02-17,부산광역시,(주)부산관광호텔,275,부산광역시 중구 광복로97번길 23  (동광동2가),051-241-4301,http://www.busanhotel.kr/,,,,,,,,,,,,,,,,,,,,,,,,,,,,,,,,,,
한국관광협회중앙회,관광호텔업,3성,2023-02-17,경상북도,경주 지지 관광호텔,53,경상북도 경주시 태종로699번길 3  (노서동),054-701-0090,http://www.gghotel.co.kr/,,,,,,,,,,,,,,,,,,,,,,,,,,,,,,,,,,
한국관광협회중앙회,관광호텔업,2성,2023-02-17,인천광역시,리버관광호텔,63,인천광역시 계양구 계양문화로53번길 6,032-554-0310,http://www.riverhotel.co.kr,37.4399454,126.451972,4.5,없음,,있음,49500.0,없음,,없음,,있음,있음,있음,있음,있음,없음,있음,있음,없음,없음,없음,없음,없음,있음,없음,있음,있음,없음,없음,있음,있음,없음,있음
한국관광협회중앙회,관광호텔업,3성,2023-02-17,서울특별시,메이플레이스 서울 동대문,105,서울특별시 종로구 율곡로 179  (원남동),02-742-8080,http://www.mayplace.co.kr/mobile/kor/asp/index/index.asp,,,,,,,,,,,,,,,,,,,,,,,,,,,,,,,,,,
한국관광협회중앙회,관광호텔업,3성,2023-02-17,인천광역시,호텔카리스,142,인천광역시 계양구 계양대로 28  (작전동),032-556-0880,http://www.hotelcharis.com,37.5264073,126.7185357,4.2,없음,,있음,140000.0,없음,,없음,,있음,있음,있음,있음,있음,없음,있음,있음,없음,있음,없음,없음,없음,있음,없음,있음,있음,없음,있음,있음,있음,없음,없음
한국관광협회중앙회,관광호텔업,3성,2023-02-16,서울특별시,이비스 앰배서더 명동,279,서울특별시 중구 남대문로 78 이비스 앰배서더 명동 (명동1가),02-6361-8888,https://www.ambatel.com/ibis/myeongdong/ko/main.do,,,,,,,,,,,,,,,,,,,,,,,,,,,,,,,,,,
한국관광협회중앙회,관광호텔업,3성,2023-02-16,서울특별시,이비스 스타일 앰배서더 서울 강남,317,서울특별시 강남구 삼성로 431  (대치동),02-3011-8888,https://ambatel.com/ibisstyles/gangnam/ko/main.do,,,,,,,,,,,,,,,,,,,,,,,,,,,,,,,,,,
한국관광협회중앙회,관광호텔업,3성,2023-02-14,부산광역시,마리안느 호텔,127,부산광역시 해운대구 해운대해변로 310 1층 (중동),051-606-0600,http://www.mariannehotel.net,,,,,,,,,,,,,,,,,,,,,,,,,,,,,,,,,,
한국관광협회중앙회,관광호텔업,2성,2023-02-14,부산광역시,토요코인 부산 해운대 2호점,442,부산광역시 해운대구 해운대해변로237번길 5  (우동),051-741-1045,http://www.toyoko-inn.co.kr,,,,,,,,,,,,,,,,,,,,,,,,,,,,,,,,,,
한국관광협회중앙회,관광호텔업,3성,2023-02-10,경기도,호텔 리츠,45,경기도 수원시 팔달구 권광로134번길 44-11  (인계동),031-224-1100,http://www.hotel-ritz.co.kr/,,,,,,,,,,,,,,,,,,,,,,,,,,,,,,,,,,
한국관광협회중앙회,한국전통호텔업,5성,2023-02-03,인천광역시,경원재 앰배서더 인천,30,인천광역시 연수구 테크노파크로 200  (송도동),032-729-1101,http://www.gyeongwonjae.co.kr/,37.391937,126.6333497,4.6,있음,330000.0,있음,374000.0,없음,,없음,,있음,있음,있음,있음,있음,있음,있음,있음,있음,있음,없음,있음,있음,있음,있음,있음,있음,없음,있음,있음,없음,있음,있음
한국관광협회중앙회,관광호텔업,3성,2023-02-03,서울특별시,호텔 뉴브,150,서울특별시 강남구 선릉로85길 6 호텔뉴브 (역삼동),02-740-5000,http://www.newvhotel.com,,,,,,,,,,,,,,,,,,,,,,,,,,,,,,,,,,
한국관광협회중앙회,관광호텔업,4성,2023-02-02,광주광역시,라마다 프라자 광주 호텔,123,광주광역시 서구 상무자유로 149  (치평동),062-717-7000,http://www.ramadagwangju.com,,,,,,,,,,,,,,,,,,,,,,,,,,,,,,,,,,
한국관광협회중앙회,관광호텔업,3성,2023-02-02,서울특별시,이비스 앰배서더 인사동,363,서울특별시 종로구 삼일대로30길 31  (익선동),02-6730-1101,https://www.ambatel.com/ibis/insadong/ko/main.do,,,,,,,,,,,,,,,,,,,,,,,,,,,,,,,,,,
한국관광협회중앙회,관광호텔업,3성,2023-01-31,경상북도,구미 센츄리 호텔,131,경상북도 구미시 3공단1로 296  (임수동),054-478-0100,http://www.gumicentury.co.kr,,,,,,,,,,,,,,,,,,,,,,,,,,,,,,,,,,
한국관광협회중앙회,관광호텔업,3성,2023-01-25,광주광역시,에이치원호텔,87,광주광역시 북구 대자로106번길 10-6  (운암동),062-376-3000,http://www.h1hotel.co.kr,,,,,,,,,,,,,,,,,,,,,,,,,,,,,,,,,,
한국관광협회중앙회,관광호텔업,2성,2023-01-19,경기도,호텔 아스트로,94,경기도 용인시 수지구 포은대로 479  (풍덕천동),031-893-9078,https://astrohotel.modoo.at/,,,,,,,,,,,,,,,,,,,,,,,,,,,,,,,,,,
한국관광협회중앙회,관광호텔업,2성,2023-01-17,서울특별시,제이베이관광호텔,52,서울특별시 강북구 한천로140길 14 제이베이관광호텔 (수유동),02-900-2220,,,,,,,,,,,,,,,,,,,,,,,,,,,,,,,,,,,
한국관광협회중앙회,관광호텔업,2성,2022-12-30,광주광역시,엠파이어관광호텔,43,광주광역시 광산구 임방울대로800번길 25  (월계동),062-962-2000,http://www.empirehotel.co.kr,,,,,,,,,,,,,,,,,,,,,,,,,,,,,,,,,,
한국관광협회중앙회,관광호텔업,4성,2022-12-30,서울특별시,글래드 마포,378,서울특별시 마포구 마포대로 92  (도화동),02-2197-5000,https://gladmapo-hotels.com/,,,,,,,,,,,,,,,,,,,,,,,,,,,,,,,,,,
한국관광협회중앙회,관광호텔업,4성,2022-12-30,서울특별시,글래드 여의도,319,서울특별시 영등포구 의사당대로 16 글래드호텔 여의도 (여의도동),02-6222-5000,https://www.gladyeouido-hotels.com,,,,,,,,,,,,,,,,,,,,,,,,,,,,,,,,,,
한국관광협회중앙회,관광호텔업,3성,2022-12-30,부산광역시,부산 시티 호텔,122,부산광역시 연제구 신촌로 19  (연산동),051-851-1122,,,,,,,,,,,,,,,,,,,,,,,,,,,,,,,,,,,
한국관광협회중앙회,관광호텔업,4성,2022-12-30,강원도,비발디파크,79,강원도 홍천군 서면 한치골길 262  ,033-439-7763,https://www.sonohotelsresorts.com/daemyung.vp.accomodation.01_09_01.ds/dmparse.dm,,,,,,,,,,,,,,,,,,,,,,,,,,,,,,,,,,
한국관광협회중앙회,관광호텔업,2성,2022-12-30,부산광역시,토요코인 부산역 2호점,491,부산광역시 중구 중앙대로 125  (대창동1가),051-442-1045,http://www.toyoko-inn.com,,,,,,,,,,,,,,,,,,,,,,,,,,,,,,,,,,
한국관광협회중앙회,가족호텔업,2성,2022-12-30,서울특별시,프로비스타 호텔 강남,79,서울특별시 서초구 서초대로 338  (서초동),02-597-1140,http://www.provista.co.kr,,,,,,,,,,,,,,,,,,,,,,,,,,,,,,,,,,
한국관광협회중앙회,관광호텔업,2성,2022-12-30,서울특별시,호텔 디 아티스트 성신여대점,48,서울특별시 성북구 동소문로 126  (동선동1가),02-921-9901,http://www.theartist.modoo.at,,,,,,,,,,,,,,,,,,,,,,,,,,,,,,,,,,
한국관광협회중앙회,관광호텔업,5성,2022-12-29,부산광역시,파라다이스 호텔 부산,532,부산광역시 해운대구 해운대해변로 296  (중동),051-742-2121,https://www.busanparadisehotel.co.kr/front,,,,,,,,,,,,,,,,,,,,,,,,,,,,,,,,,,
한국관광협회중앙회,관광호텔업,3성,2022-12-29,서울특별시,나인트리 호텔 명동,144,서울특별시 중구 명동10길 51 나인트리호텔 명동 (충무로2가),02-750-0900,http://www.ninetreehotels.com/nth1,,,,,,,,,,,,,,,,,,,,,,,,,,,,,,,,,,
한국관광협회중앙회,관광호텔업,4성,2022-12-29,서울특별시,아난티 앳 강남,118,서울특별시 강남구 논현로 734  (논현동),02-2190-4000,https://ananti.kr/ko/ganm,,,,,,,,,,,,,,,,,,,,,,,,,,,,,,,,,,
한국관광협회중앙회,관광호텔업,4성,2022-12-28,경상남도,호텔 인터내셔널,121,경상남도 창원시 성산구 중앙대로 69  (중앙동),055-281-1001,https://www.hi1001.co.kr,,,,,,,,,,,,,,,,,,,,,,,,,,,,,,,,,,
한국관광협회중앙회,관광호텔업,3성,2022-12-28,서울특별시,호텔 레이크,94,서울특별시 송파구 석촌호수로 216  (석촌동),02-422-1001,,,,,,,,,,,,,,,,,,,,,,,,,,,,,,,,,,,
한국관광협회중앙회,관광호텔업,3성,2022-12-28,경기도,엠블던호텔,386,경기도 안산시 단원구 중앙대로 869 엠블던호텔 (고잔동),031-413-2222,http://www.embledonhotel.com,,,,,,,,,,,,,,,,,,,,,,,,,,,,,,,,,,
한국관광협회중앙회,관광호텔업,2성,2022-12-28,경상남도,진주 카이 호텔,43,경상남도 진주시 정촌면 화개천로 132-14  ,055-756-9200,http://www.jinjukai.co.kr,,,,,,,,,,,,,,,,,,,,,,,,,,,,,,,,,,
한국관광협회중앙회,관광호텔업,1성,2022-12-28,서울특별시,호텔 더 캐슬(방이2),41,서울특별시 송파구 올림픽로32길 7-1  (방이동),02-412-2220,http://hotel-thecastle.com/,,,,,,,,,,,,,,,,,,,,,,,,,,,,,,,,,,
한국관광협회중앙회,관광호텔업,2성,2022-12-28,서울특별시,호텔 디아망,50,서울특별시 강서구 남부순환로 190  (외발산동),02-2666-0158,http://www.hoteldiamant.co.kr,,,,,,,,,,,,,,,,,,,,,,,,,,,,,,,,,,
한국관광협회중앙회,관광호텔업,4성,2022-12-27,경상북도,호텔 금오산,130,경상북도 구미시 금오산로 400  (남통동),054-450-4000,https://www.hotelgeumosan.com/,,,,,,,,,,,,,,,,,,,,,,,,,,,,,,,,,,
한국관광협회중앙회,관광호텔업,3성,2022-12-27,울산광역시,롯데 시티 호텔 울산,349,울산광역시 남구 삼산로 204  (달동),052-990-1313,https://www.lottehotel.com/ulsan-city/ko.html,,,,,,,,,,,,,,,,,,,,,,,,,,,,,,,,,,
한국관광협회중앙회,관광호텔업,5성,2022-12-27,울산광역시,롯데 호텔 울산,200,울산광역시 남구 삼산로 282  (삼산동),052-960-1000,https://www.lottehotel.com/ulsan-hotel,,,,,,,,,,,,,,,,,,,,,,,,,,,,,,,,,,
한국관광협회중앙회,관광호텔업,4성,2022-12-27,울산광역시,머큐어 앰배서더 울산,131,울산광역시 북구 강동산하2로 7  (산하동),052-980-1101,https://www.ambatel.com/mercure/ulsan/ko/main.do,,,,,,,,,,,,,,,,,,,,,,,,,,,,,,,,,,
한국관광협회중앙회,관광호텔업,4성,2022-12-27,경기도,밀리토피아 호텔,176,경기도 성남시 수정구 위례대로 83 밀리토피아시티 (창곡동),031-727-9300,http://www.militopiahotel.com/,,,,,,,,,,,,,,,,,,,,,,,,,,,,,,,,,,
한국관광협회중앙회,관광호텔업,2성,2022-12-27,경기도,라트리 호텔,58,경기도 의정부시 청사로6번길 19-13  (신곡동),031-843-5100,http://www.uijeongbu-latree.com,,,,,,,,,,,,,,,,,,,,,,,,,,,,,,,,,,
한국관광협회중앙회,관광호텔업,3성,2022-12-27,서울특별시,이비스 스타일 앰배서더 서울 명동,180,서울특별시 중구 삼일대로 302  (충무로2가),02-6020-8814,https://www.ambatel.com/ibisstyles/myeongdong/ko/main.do,,,,,,,,,,,,,,,,,,,,,,,,,,,,,,,,,,
한국관광협회중앙회,관광호텔업,2성,2022-12-27,서울특별시,캘리포니아 관광호텔,131,서울특별시 송파구 송파대로28길 11  (가락동),02-401-4653,http://www.california-hotel.co.kr,,,,,,,,,,,,,,,,,,,,,,,,,,,,,,,,,,
한국관광협회중앙회,관광호텔업,4성,2022-12-27,서울특별시,코트야드 메리어트 서울 남대문,400,서울특별시 중구 남대문로 9  (남대문로4가),02-2211-8000,https://www.marriott.co.kr/selsn,,,,,,,,,,,,,,,,,,,,,,,,,,,,,,,,,,
한국관광협회중앙회,관광호텔업,3성,2022-12-27,대전광역시,베니키아 테크노밸리 호텔,73,대전광역시 유성구 테크노중앙로 57  (관평동),042-671-0500,http://www.hoteltechnovalley.com/main/index.asp,,,,,,,,,,,,,,,,,,,,,,,,,,,,,,,,,,
한국관광협회중앙회,관광호텔업,2성,2022-12-27,경기도,호텔클로버,88,경기도 안산시 상록구 양지편로 22  (이동),031-417-9300,http://www.hotelclover.co.kr/,,,,,,,,,,,,,,,,,,,,,,,,,,,,,,,,,,
한국관광협회중앙회,관광호텔업,2성,2022-12-27,서울특별시,티롤관광호텔,83,서울특별시 서초구 나루터로 64 티롤관광호텔 (잠원동),02-544-1004,http://www.hoteltirol.co.kr,,,,,,,,,,,,,,,,,,,,,,,,,,,,,,,,,,
한국관광협회중앙회,관광호텔업,4성,2022-12-22,서울특별시,이비스 스타일 앰배서더 서울 용산,591,서울특별시 용산구 청파로20길 95  (한강로3가),02-2223-7000,https://www.seouldragoncity.com/ko/,,,,,,,,,,,,,,,,,,,,,,,,,,,,,,,,,,
한국관광협회중앙회,관광호텔업,2성,2022-12-22,부산광역시,부산광안리 오션투헤븐,26,부산광역시 수영구 광안해변로278번길 42 A동5층 (민락동),051-761-3001,,,,,,,,,,,,,,,,,,,,,,,,,,,,,,,,,,,
한국관광협회중앙회,관광호텔업,2성,2022-12-22,부산광역시,오션 더 포인트 호텔,45,부산광역시 수영구 광안해변로278번길 42 오션브릿지 A동 8층 오션 더 포인트 호텔 (민락동),051-929-8600,https://oceanthepoint.co.kr/,,,,,,,,,,,,,,,,,,,,,,,,,,,,,,,,,,
한국관광협회중앙회,관광호텔업,2성,2022-12-22,서울특별시,호텔 크레토 명동,35,서울특별시 중구 명동8가길 53  (충무로2가),02-740-4500,http://www.hotelcreto.com,,,,,,,,,,,,,,,,,,,,,,,,,,,,,,,,,,
한국관광협회중앙회,관광호텔업,2성,2022-12-21,전라남도,나르샤호텔,48,전라남도 여수시 시청서6길 3  (학동),061-686-2000,http://www.narshahotel.com,,,,,,,,,,,,,,,,,,,,,,,,,,,,,,,,,,
한국관광협회중앙회,관광호텔업,4성,2022-12-21,서울특별시,코리아나 호텔,337,서울특별시 중구 세종대로 135  (태평로1가),02-2171-7000,http://www.koreanahotel.com,,,,,,,,,,,,,,,,,,,,,,,,,,,,,,,,,,
한국관광협회중앙회,관광호텔업,2성,2022-12-21,부산광역시,토요코인 부산역 1호점,359,부산광역시 동구 중앙대로196번길 12  (초량동),051-466-1045,http://www.toyoko-inn.com,,,,,,,,,,,,,,,,,,,,,,,,,,,,,,,,,,
한국관광협회중앙회,관광호텔업,5성,2022-12-21,강원도,하이원 그랜드 호텔,727,강원도 정선군 사북읍 하이원길 265  ,033-1588-7789,http://www.high1.com,,,,,,,,,,,,,,,,,,,,,,,,,,,,,,,,,,
한국관광협회중앙회,관광호텔업,3성,2022-12-20,서울특별시,글래드 강남 코엑스센터,282,서울특별시 강남구 테헤란로 610  (대치동),02-6474-5000,https://gladgangnamcoex-hotels.com/,,,,,,,,,,,,,,,,,,,,,,,,,,,,,,,,,,
한국관광협회중앙회,관광호텔업,4성,2022-12-19,서울특별시,더 클래식 500 펜타즈,84,서울특별시 광진구 능동로 90  (자양동),02-2218-5000,http://www.theclassic500.com,,,,,,,,,,,,,,,,,,,,,,,,,,,,,,,,,,
한국관광협회중앙회,관광호텔업,2성,2022-12-16,부산광역시,브라운도트 호텔 하단점,51,부산광역시 사하구 낙동남로1423번길 47  (하단동),051-201-3994,,,,,,,,,,,,,,,,,,,,,,,,,,,,,,,,,,,
한국관광협회중앙회,관광호텔업,3성,2022-12-16,서울특별시,SR 호텔,81,서울특별시 강서구 강서로 400  (등촌동),02-2038-8000,http://hotel-sr.co.kr,,,,,,,,,,,,,,,,,,,,,,,,,,,,,,,,,,
한국관광협회중앙회,관광호텔업,1성,2022-12-12,경기도,아리수 호텔,66,경기도 김포시 태장로795번길 123  (장기동),031-996-8800,http://gp-arisu.jalib.site/,,,,,,,,,,,,,,,,,,,,,,,,,,,,,,,,,,
한국관광협회중앙회,관광호텔업,1성,2022-12-12,서울특별시,컴앤스테이 강서,92,서울특별시 강서구 화곡로68길 116  (등촌동),02-2658-7440,,,,,,,,,,,,,,,,,,,,,,,,,,,,,,,,,,,
한국관광협회중앙회,관광호텔업,3성,2022-12-12,부산광역시,해운대센트럴호텔,132,부산광역시 해운대구 해운대해변로298번길 33 1층 (중동),051-760-9000,http://www.centralhotel.kr,,,,,,,,,,,,,,,,,,,,,,,,,,,,,,,,,,
한국관광협회중앙회,관광호텔업,2성,2022-12-12,인천광역시,호텔 더 디자이너스 인천,103,인천광역시 남동구 남동대로765번길 8  (구월동),032-429-7478,http://www.designersincheon.com,37.4509642,126.7029273,4.4,없음,,있음,100000.0,있음,190000.0,있음,233000.0,있음,있음,있음,있음,있음,있음,있음,있음,없음,있음,있음,있음,없음,있음,없음,있음,있음,없음,있음,있음,없음,있음,있음
한국관광협회중앙회,가족호텔업,1성,2022-12-09,서울특별시,호텔리베라 아노블리,30,"서울특별시 강남구 도산대로 419 4층,5층,6층,7층(아노블리81) (청담동)",02-541-3111,http://www.hotelriviera.co.kr/anobli/html/main.asp,,,,,,,,,,,,,,,,,,,,,,,,,,,,,,,,,,
한국관광협회중앙회,관광호텔업,3성,2022-12-08,충청남도,베니키아 천안관광호텔,55,충청남도 천안시 서북구 양지21길 42  (성정동),041-592-0000,https://cheonanhotel.co.kr/,,,,,,,,,,,,,,,,,,,,,,,,,,,,,,,,,,
한국관광협회중앙회,관광호텔업,2성,2022-12-08,서울특별시,인사동 호텔썬비,42,서울특별시 종로구 인사동7길 26  (관훈동),02-730-3451,http://www.hotelsunbee.com,,,,,,,,,,,,,,,,,,,,,,,,,,,,,,,,,,
한국관광협회중앙회,가족호텔업,3성,2022-12-06,전라남도,더 케이 지리산 가족 호텔,134,전라남도 구례군 산동면 지리산온천로 317  ,061-783-8100,https://www.thek-hotel.co.kr/jrmh/index.do,,,,,,,,,,,,,,,,,,,,,,,,,,,,,,,,,,
한국관광협회중앙회,관광호텔업,2성,2022-12-06,경기도,성남 호텔 바인,66,경기도 성남시 중원구 산성대로 184  (성남동),031-721-3350,http://www.hotel-vine.co.kr/,,,,,,,,,,,,,,,,,,,,,,,,,,,,,,,,,,
한국관광협회중앙회,관광호텔업,3성,2022-12-01,서울특별시,주니비노호텔,68,서울특별시 마포구 양화진2길 31  (합정동),02-332-7771,,,,,,,,,,,,,,,,,,,,,,,,,,,,,,,,,,,
한국관광협회중앙회,관광호텔업,2성,2022-12-01,서울특별시,에스알 호텔 사당점,63,서울특별시 동작구 동작대로1길 15  (사당동),02-588-2000,https://www.hotel-sr.com/,,,,,,,,,,,,,,,,,,,,,,,,,,,,,,,,,,
한국관광협회중앙회,관광호텔업,1성,2022-12-01,서울특별시,호텔 밀하우스,47,서울특별시 서대문구 연세로2나길 5 호텔 밀하우스 (창천동),02-313-7050,http://www.millhaus.co.kr,,,,,,,,,,,,,,,,,,,,,,,,,,,,,,,,,,
한국관광협회중앙회,관광호텔업,3성,2022-11-30,전라남도,샹그리아비치호텔,71,전라남도 목포시 평화로 79  (상동),061-285-0100,http://www.shangriahotel.co.kr,,,,,,,,,,,,,,,,,,,,,,,,,,,,,,,,,,
한국관광협회중앙회,관광호텔업,3성,2022-11-30,서울특별시,목시 서울 인사동 호텔,140,서울특별시 종로구 돈화문로11길 37  (낙원동),02-758-1700,http://www.moxyseoulinsadong.com,,,,,,,,,,,,,,,,,,,,,,,,,,,,,,,,,,
한국관광협회중앙회,관광호텔업,2성,2022-11-30,대구광역시,브라운도트호텔 현풍점,60,대구광역시 달성군 현풍읍 테크노공원로 35  ,053-615-6789,,,,,,,,,,,,,,,,,,,,,,,,,,,,,,,,,,,
한국관광협회중앙회,관광호텔업,4성,2022-11-29,인천광역시,오라카이 송도 파크 호텔,275,인천광역시 연수구 테크노파크로 151  (송도동),032-210-7000,http://www.orakaihotels.com,37.3881866,126.6366792,4.4,없음,,있음,300000.0,있음,353000.0,있음,407000.0,있음,있음,있음,있음,있음,없음,있음,있음,없음,있음,있음,없음,없음,있음,없음,있음,있음,있음,있음,있음,있음,없음,있음
한국관광협회중앙회,관광호텔업,3성,2022-11-29,경상남도,토요코인 창원,339,경상남도 창원시 성산구 중앙대로 93  (중앙동),055-282-1045,http://www.toyoko-inn.co.kr/,,,,,,,,,,,,,,,,있음,,,,,,,,,,,,,,,,,,
한국관광협회중앙회,관광호텔업,3성,2022-11-28,강원도,레고랜드 호텔,154,강원도 춘천시 하중도길 128 레고랜드 호텔 (중도동),033-815-2300,https://www.legoland.kr/,,,,,,,,,,,,,,,,있음,,,,,,,,,,,,,,,,,,
한국관광협회중앙회,관광호텔업,5성,2022-11-28,부산광역시,파크 하얏트 부산,269,부산광역시 해운대구 마린시티1로 51  (우동),051-990-1234,https://www.parkhyattbusan.com,,,,,,,,,,,,,,,,있음,,,,,,,,,,,,,,,,,,
한국관광협회중앙회,관광호텔업,2성,2022-11-18,인천광역시,M 플레이스 호텔,66,인천광역시 남동구 인하로507번길 56  (구월동),032-426-2500,http://hotelmplace.kr,37.4457388,126.6992163,4.5,있음,70000.0,있음,100000.0,있음,130000.0,없음,,있음,있음,있음,있음,있음,없음,있음,있음,없음,없음,없음,없음,없음,있음,있음,없음,있음,없음,없음,있음,있음,있음,있음
한국관광협회중앙회,관광호텔업,1성,2022-11-18,인천광역시,인천 호텔 파이,65,인천광역시 남동구 석촌로46번길 47  (간석동),032-428-0314,http://paihotel.modoo.at,37.4643429,126.7075283,3.6,없음,,있음,51000.0,없음,,없음,,있음,있음,있음,있음,있음,없음,있음,있음,없음,없음,없음,없음,없음,있음,없음,없음,있음,없음,없음,있음,없음,있음,있음
한국관광협회중앙회,관광호텔업,2성,2022-11-11,부산광역시,베스트루이스해밀턴호텔 광안점,50,부산광역시 수영구 광안해변로 276  (민락동),051-760-0808,http://www.bestlouishamilton.com/wave/?mm=02&sm=03,,,,,,,,,,,,,,,,,,,,,,,,,,,,,,,,,,
한국관광협회중앙회,관광호텔업,2성,2022-11-09,경상북도,김천 파크 호텔,40,경상북도 김천시 대항면 황학동길 35-23  ,054-437-8000,,,,,,,,,,,,,,,,,,,,,,,,,,,,,,,,,,,
한국관광협회중앙회,관광호텔업,3성,2022-11-03,전라북도,전주관광 호텔 꽃심,101,전라북도 전주시 완산구 팔달로 171  (경원동1가),063-232-5353,http://www.hotelkkotsim.com/,,,,,,,,,,,,,,,,,,,,,,,,,,,,,,,,,,
한국관광협회중앙회,관광호텔업,3성,2022-11-02,서울특별시,에이든 바이 베스트웨스턴 청담,149,서울특별시 강남구 도산대로 216 에이든 청담호텔 (논현동),02-6711-1234,http://www.aidencheongdam.com/,,,,,,,,,,,,,,,,,,,,,,,,,,,,,,,,,,
한국관광협회중앙회,관광호텔업,1성,2022-11-01,경상남도,아몬드호텔,50,경상남도 창원시 마산합포구 월영동11길 19 (해운동),055-241-1230,http://almondhotel.modoo.at,,,,,,,,,,,,,,,,,,,,,,,,,,,,,,,,,,
한국관광협회중앙회,관광호텔업,3성,2022-10-26,서울특별시,호텔 안테룸 서울,112,서울특별시 강남구 도산대로 153  (신사동),02-542-2300,https://www.anteroom-seoul.com/,,,,,,,,,,,,,,,,,,,,,,,,,,,,,,,,,,
한국관광협회중앙회,관광호텔업,5성,2022-10-24,서울특별시,JW 메리어트 호텔 서울,379,서울특별시 서초구 신반포로 176  (반포동),02-6282-6262,http://www.marriott.co.kr,,,,,,,,,,,,,,,,,,,,,,,,,,,,,,,,,,
한국관광협회중앙회,관광호텔업,5성,2022-10-24,부산광역시,웨스틴 조선 부산,290,부산광역시 해운대구 동백로 67  (우동),051-749-7000,https://josunhotel.com/hotel/westinbusan.do,,,,,,,,,,,,,,,,,,,,,,,,,,,,,,,,,,
한국관광협회중앙회,관광호텔업,2성,2022-10-20,부산광역시,베이하운드호텔,69,부산광역시 영도구 태종로65번길 11  (대교동1가),051-413-1114,http://www.bayhoundhotel.com/,,,,,,,,,,,,,,,,,,,,,,,,,,,,,,,,,,
한국관광협회중앙회,관광호텔업,2성,2022-10-19,부산광역시,플레르 관광호텔,48,부산광역시 해운대구 송정광어골로 70  (송정동),051-701-7601,,,,,,,,,,,,,,,,,,,,,,,,,,,,,,,,,,,
한국관광협회중앙회,가족호텔업,3성,2022-10-19,강원도,더케이호텔앤리조트(주) 더케이설악산가족호텔,76,강원도 속초시 설악산로 470-7  (도문동),033-639-8100,https://www.thek-hotel.co.kr/srmh/,,,,,,,,,,,,,,,,,,,,,,,,,,,,,,,,,,
한국관광협회중앙회,관광호텔업,5성,2022-10-19,서울특별시,포시즌스 호텔 서울,317,서울특별시 종로구 새문안로 97  (당주동),02-6388-5000,https://www.fourseasons.com/seoul/,,,,,,,,,,,,,,,,,,,,,,,,,,,,,,,,,,
한국관광협회중앙회,가족호텔업,5성,2022-10-17,강원도,세이지우드 호텔 홍천,32,강원도 홍천군 두촌면 광석로 898-87 2/2 ,033-430-1600,http://www.sagewood.co.kr/hongcheon,,,,,,,,,,,,,,,,,,,,,,,,,,,,,,,,,,
한국관광협회중앙회,관광호텔업,2성,2022-10-14,부산광역시,사우스반데코호텔,56,부산광역시 부산진구 서면로 6 (부전동),051-815-5252,http://southvandeco.modoo.at,,,,,,,,,,,,,,,,,,,,,,,,,,,,,,,,,,
한국관광협회중앙회,관광호텔업,3성,2022-10-14,부산광역시,아르반 시티 호텔,137,부산광역시 연제구 반송로 20  (연산동),051-851-9949,https://codybooking.com/reservation/?code=h0176,,,,,,,,,,,,,,,,,,,,,,,,,,,,,,,,,,
한국관광협회중앙회,관광호텔업,2성,2022-10-14,부산광역시,토요코인 서면,301,부산광역시 부산진구 서전로 39 토요코인호텔 부산서면 (전포동),051-638-1045,http://www.toyoko-inn.com,,,,,,,,,,,,,,,,,,,,,,,,,,,,,,,,,,
한국관광협회중앙회,관광호텔업,3성,2022-10-14,서울특별시,호텔 엠펠리체,118,서울특별시 강서구 마곡동로4길 15 엠펠리체 (마곡동),02-2668-3600,http://www.hotelmfelice.com/,,,,,,,,,,,,,,,,,,,,,,,,,,,,,,,,,,
한국관광협회중앙회,관광호텔업,2성,2022-10-12,경기도,엘가호텔,74,경기도 화성시 향남읍 평6길 46-1  ,031-366-3319,http://www.elgahotel.co.kr,,,,,,,,,,,,,,,,,,,,,,,,,,,,,,,,,,
한국관광협회중앙회,관광호텔업,1성,2022-10-07,서울특별시,갤럭시호텔,90,서울특별시 영등포구 버드나루로 90  (당산동),02-2678-8808,,,,,,,,,,,,,,,,,,,,,,,,,,,,,,,,,,,
한국관광협회중앙회,관광호텔업,3성,2022-10-07,전라북도,그랜드힐스턴,100,전라북도 전주시 완산구 온고을로 211  (효자동3가),063-251-8000,http://www.grandhillstone.com,,,,,,,,,,,,,,,,,,,,,,,,,,,,,,,,,,
한국관광협회중앙회,가족호텔업,4성,2022-10-07,서울특별시,보코서울강남,151,서울특별시 강남구 도산대로 144  (논현동),02-542-0112,https://www.vocohotels.com/seoulgangnam,,,,,,,,,,,,,,,,,,,,,,,,,,,,,,,,,,
한국관광협회중앙회,관광호텔업,3성,2022-10-07,서울특별시,솔라리아 니시테츠 호텔 서울,312,서울특별시 중구 명동8길 27 엠플라자 7층-22층 (명동2가),02-773-1555,https://www.solariaseoul.com/,,,,,,,,,,,,,,,,,,,,,,,,,,,,,,,,,,
한국관광협회중앙회,관광호텔업,2성,2022-10-07,경기도,호텔 이쁘다,42,"경기도 양주시 옥정동로7다길 88 4층, 5층 (옥정동)",031-857-9601,http://www.ippda-hotel.com/,,,,,,,,,,,,,,,,,,,,,,,,,,,,,,,,,,
한국관광협회중앙회,관광호텔업,2성,2022-10-06,부산광역시,베스트루이스해밀턴호텔 오션테라스,70,부산광역시 기장군 기장읍 연화1길 27 베스트루이스해밀턴 ,051-721-8585,http://www.bestlouishamilton.com,,,,,,,,,,,,,,,,,,,,,,,,,,,,,,,,,,
한국관광협회중앙회,관광호텔업,3성,2022-10-06,경기도,쉐르빌온천관광호텔,68,경기도 양평군 개군면 신내길7번길 37  ,031-774-4101,http://www.cherevillehotel.com,,,,,,,,,,,,,,,,,,,,,,,,,,,,,,,,,,
한국관광협회중앙회,관광호텔업,2성,2022-10-05,강원도,동해 글로리아 관광호텔,70,강원도 동해시 한섬로 112-4  (천곡동),033-532-5454,,,,,,,,,,,,,,,,,,,,,,,,,,,,,,,,,,,
한국관광협회중앙회,관광호텔업,3성,2022-10-04,경상북도,안동그랜드호텔,82,경상북도 안동시 관광단지로 346-84  (성곡동),054-851-9000,http://www.andonggrandhotel.com,,,,,,,,,,,,,,,,,,,,,,,,,,,,,,,,,,
한국관광협회중앙회,관광호텔업,2성,2022-10-04,경기도,김포 엠타워호텔,90,경기도 김포시 김포한강9로75번길 38 맥스타워 8층~12층 (구래동),031-984-1723,https://kpmtower.modoo.at,,,,,,,,,,,,,,,,,,,,,,,,,,,,,,,,,,
한국관광협회중앙회,관광호텔업,1성,2022-09-30,인천광역시,루비관광호텔 월미도,50,인천광역시 중구 월미로248번길 1  (북성동1가),032-772-0023,http://rubyhotel.modoo.at,37.47380491,126.5985658,3.7,없음,,있음,110000.0,있음,120000.0,있음,178000.0,있음,있음,있음,있음,있음,없음,있음,있음,없음,없음,없음,없음,없음,있음,없음,있음,있음,없음,없음,있음,없음,있음,있음
한국관광협회중앙회,관광호텔업,5성,2022-09-30,서울특별시,메이필드 호텔 서울,239,서울특별시 강서구 방화대로 94  (외발산동),02-2660-9000,https://www.mayfield.co.kr,,,,,,,,,,,,,,,,있음,,,,,,,,,,,,,,,,,,
한국관광협회중앙회,관광호텔업,2성,2022-09-30,부산광역시,부산역 시티호텔,82,부산광역시 동구 중앙대로 294 시티호텔 (초량동),051-467-7700,,,,,,,,,,,,,,,,,있음,,,,,,,,,,,,,,,,,,
한국관광협회중앙회,관광호텔업,3성,2022-09-30,광주광역시,컬쳐호텔 람,43,광주광역시 동구 서석로 89  (대의동),062-223-1500,,,,,,,,,,,,,,,,,있음,,,,,,,,,,,,,,,,,,
한국관광협회중앙회,관광호텔업,2성,2022-09-30,부산광역시,호텔포레 더 스파,47,부산광역시 동구 중앙대로296번길 6  (초량동),051-463-6171,http://www.hotelforet.com,,,,,,,,,,,,,,,,있음,,,,,,,,,,,,,,,,,,
한국관광협회중앙회,관광호텔업,2성,2022-09-29,부산광역시,송정올라호텔,42,부산광역시 해운대구 송정광어골로 49  (송정동),051-704-0001,http://www.ollahotel.com,,,,,,,,,,,,,,,,있음,,,,,,,,,,,,,,,,,,
한국관광협회중앙회,소형호텔업,2성,2022-09-28,강원도,호텔 인트로,20,강원도 춘천시 퇴계로77번길 22  (퇴계동),033-253-1117,http://www.introhotel.co.kr,,,,,,,,,,,,,,,,,,,,,,,,,,,,,,,,,,
한국관광협회중앙회,관광호텔업,3성,2022-09-26,서울특별시,뉴서울 호텔,185,서울특별시 중구 세종대로22길 16  (태평로1가),02-735-8800,http://www.newseoulhotel.co.kr,,,,,,,,,,,,,,,,,,,,,,,,,,,,,,,,,,
한국관광협회중앙회,관광호텔업,2성,2022-09-26,서울특별시,호텔 CS 에비뉴,70,서울특별시 은평구 통일로 585-1,02-350-6900,http://www.csseoulhotel.com,,,,,,,,,,,,,,,,,,,,,,,,,,,,,,,,,,
한국관광협회중앙회,관광호텔업,4성,2022-09-20,강원도,탑스텐 강릉 호텔,333,강원도 강릉시 옥계면 헌화로 455-34  ,033-530-4800,https://www.hotel-topsten.co.kr/,,,,,,,,,,,,,,,,,,,,,,,,,,,,,,,,,,
한국관광협회중앙회,관광호텔업,4성,2022-09-20,서울특별시,프레지던트 호텔,271,서울특별시 중구 을지로 16  (을지로1가),02-753-3131,https://www.hotelpresident.co.kr/main/,,,,,,,,,,,,,,,,,,,,,,,,,,,,,,,,,,
한국관광협회중앙회,관광호텔업,2성,2022-09-16,전라남도,JNJ골프리조트,46,전라남도 장흥군 장평면 제산기동로 326 ,061-860-9000,http://jnjgolfresort.co.kr,,,,,,,,,,,,,,,,,,,,,,,,,,,,,,,,,,
한국관광협회중앙회,관광호텔업,2성,2022-09-15,경상북도,영주 호텔,52,경상북도 영주시 대학로240번길 8  (가흥동),054-634-7733,,,,,,,,,,,,,,,,,,,,,,,,,,,,,,,,,,,
한국관광협회중앙회,관광호텔업,3성,2022-09-14,서울특별시,라마다 서울 동대문,197,서울특별시 중구 동호로 354  (을지로5가),02-2276-3500,http://www.ramadaddm.com,,,,,,,,,,,,,,,,,,,,,,,,,,,,,,,,,,
한국관광협회중앙회,가족호텔업,1성,2022-09-14,서울특별시,에버8 서비스 레지던스,57,서울특별시 서대문구 신촌역로 7 신촌푸르지오시티 1층 (대현동),02-364-0807,http://www.ever8.co.kr/,,,,,,,,,,,,,,,,,,,,,,,,,,,,,,,,,,
한국관광협회중앙회,관광호텔업,4성,2022-08-23,전라남도,호텔현대 바이 라한 목포,208,전라남도 영암군 삼호읍 대불로 91  ,061-463-2233,http://www.lahanhotels.com/mokpo,,,,,,,,,,,,,,,,,,,,,,,,,,,,,,,,,,
한국관광협회중앙회,관광호텔업,4성,2022-08-23,서울특별시,호텔 리베라 서울,319,서울특별시 강남구 영동대로 737  (청담동),02-541-3111,http://room@hotelriviera.co.kr,,,,,,,,,,,,,,,,,,,,,,,,,,,,,,,,,,
한국관광협회중앙회,관광호텔업,3성,2022-08-22,경상북도,라한호텔 포항,160,경상북도 포항시 북구 삼호로265번길 1  (두호동),054-230-7000,http://www.lahanhotels.com,,,,,,,,,,,,,,,,,,,,,,,,,,,,,,,,,,
한국관광협회중앙회,관광호텔업,2성,2022-08-22,인천광역시,반도 관광호텔,50,인천광역시 계양구 계양문화로17번길 8  (작전동),032-551-5959,,37.5326374,126.7311763,4.9,없음,,있음,80000.0,없음,,없음,,있음,있음,있음,있음,있음,없음,있음,있음,없음,없음,없음,없음,없음,있음,없음,있음,있음,있음,없음,있음,없음,있음,있음
한국관광협회중앙회,소형호텔업,2성,2022-08-19,경상남도,장유아몬드키즈호텔,29,경상남도 김해시 번화1로67번길 16 장유아몬드키즈호텔 (대청동),055-719-2727,https://jyalmond.modoo.at/,,,,,,,,,,,,,,,,있음,,,,,,,,,,,,,,,,,,
한국관광협회중앙회,관광호텔업,3성,2022-08-18,서울특별시,알로프트 서울 강남,188,서울특별시 강남구 영동대로 736  (청담동),02-510-9700,http://www.aloftseoulgangnam.com,,,,,,,,,,,,,,,,있음,,,,,,,,,,,,,,,,,,
한국관광협회중앙회,관광호텔업,3성,2022-08-12,서울특별시,맹그로브 신설,310,서울특별시 동대문구 왕산로 22  (신설동),,https://mangrove.city/locations/sinseol/,,,,,,,,,,,,,,,,있음,,,,,,,,,,,,,,,,,,
한국관광협회중앙회,관광호텔업,3성,2022-08-12,경기도,서머셋 센트럴 분당,206,경기도 성남시 분당구 황새울로311번길 36 지하3층 (서현동),02-1877-8006,https://www.discoverasr.com/ko/somerset-serviced-residence/korea-south/somerset-central-bundang,,,,,,,,,,,,,,,,있음,,,,,,,,,,,,,,,,,,
한국관광협회중앙회,관광호텔업,4성,2022-08-11,경상북도,경주 코오롱 호텔,317,경상북도 경주시 불국로 289-17  (마동),054-746-9001,http://www.kolonhotel.co.kr,,,,,,,,,,,,,,,,있음,,,,,,,,,,,,,,,,,,
한국관광협회중앙회,관광호텔업,5성,2022-08-10,서울특별시,인터컨티넨탈 서울 코엑스,656,서울특별시 강남구 봉은사로 524  (삼성동),02-3452-2500,https://seoul.intercontinental.com/iccoex/,,,,,,,,,,,,,,,,,,,,,,,,,,,,,,,,,,
한국관광협회중앙회,관광호텔업,2성,2022-08-09,경상남도,마산관광호텔,42,경상남도 창원시 마산합포구 수산1길 285  (오동동),055-245-0070,http://www.masanhotel.co.kr,,,,,,,,,,,,,,,,,,,,,,,,,,,,,,,,,,
한국관광협회중앙회,관광호텔업,4성,2022-08-09,부산광역시,아스티호텔 부산역,360,부산광역시 동구 중앙대로214번길 7-8  (초량동),051-409-8888,https://astihotel.co.kr/,,,,,,,,,,,,,,,,,,,,,,,,,,,,,,,,,,
한국관광협회중앙회,관광호텔업,3성,2022-08-09,울산광역시,에쉬튼 호텔,57,울산광역시 남구 중앙로213번길 8  (신정동),052-265-6081,http://ashtonhotel.co.kr/,,,,,,,,,,,,,,,,,,,,,,,,,,,,,,,,,,
한국관광협회중앙회,관광호텔업,3성,2022-08-05,서울특별시,아리랑힐 호텔 동대문,190,서울특별시 성북구 아리랑로 8  (동선동4가),02-925-7000,http://www.hotelahill.com,,,,,,,,,,,,,,,,,,,,,,,,,,,,,,,,,,
한국관광협회중앙회,관광호텔업,2성,2022-08-05,서울특별시,호텔 쿠레타케소 인사동,127,서울특별시 종로구 인사동길 20-9  (인사동),02-738-6100,http://kuretake-inn.com/insa-dong/,,,,,,,,,,,,,,,,,,,,,,,,,,,,,,,,,,
한국관광협회중앙회,관광호텔업,3성,2022-08-04,서울특별시,롯데시티호텔 마포,284,"서울특별시 마포구 마포대로 109  (공덕동, 롯데캐슬프레지던트)",02-6005-1753,https://www.lottehotel.com/mapo-city/ko.html,,,,,,,,,,,,,,,,,,,,,,,,,,,,,,,,,,
한국관광협회중앙회,관광호텔업,2성,2022-08-04,전라북도,군산 리츠 플라자 호텔,57,전라북도 군산시 한밭안길 30  (나운동),063-468-4681,http://www.ritzplaza.co.kr,,,,,,,,,,,,,,,,,,,,,,,,,,,,,,,,,,
한국관광협회중앙회,관광호텔업,3성,2022-08-02,부산광역시,베니키아 프리미어 호텔 해운대,166,부산광역시 해운대구 해운대해변로 317  (중동),051-760-7000,http://www.hotelhaeundae.com/,,,,,,,,,,,,,,,,,,,,,,,,,,,,,,,,,,
한국관광협회중앙회,관광호텔업,4성,2022-07-19,경기도,노보텔 앰배서더 수원,287,경기도 수원시 팔달구 덕영대로 902  (매산로1가),031-547-6600,http://www.ambatel.com/novotel/suwon,,,,,,,,,,,,,,,,,,,,,,,,,,,,,,,,,,
한국관광협회중앙회,가족호텔업,2성,2022-07-18,경상남도,부곡 스파디움 따오기호텔,82,경상남도 창녕군 부곡면 온천중앙로 42  ,055-530-3000,http://www.spadium.co.kr,,,,,,,,,,,,,,,,,,,,,,,,,,,,,,,,,,
한국관광협회중앙회,관광호텔업,2성,2022-07-18,경기도,베니키아 탑 관광호텔,84,경기도 평택시 포승읍 평택항로184번길 3-13 이끌림클래식호텔 ,031-682-3207,,,,,,,,,,,,,,,,,,,,,,,,,,,,,,,,,,,
한국관광협회중앙회,관광호텔업,3성,2022-07-18,서울특별시,임피리얼 팰리스 부티크 호텔,128,서울특별시 용산구 이태원로 221  (한남동),02-3702-8000,http://imperialpalaceboutiquehotel.com,,,,,,,,,,,,,,,,,,,,,,,,,,,,,,,,,,
한국관광협회중앙회,관광호텔업,3성,2022-07-18,경상남도,포르투나호텔,64,경상남도 통영시 미수해안로 152  (봉평동),055-643-7000,http://www.bestfortuna.com,,,,,,,,,,,,,,,,,,,,,,,,,,,,,,,,,,
한국관광협회중앙회,관광호텔업,4성,2022-07-18,서울특별시,포포인츠 바이 쉐라톤 서울 강남,199,서울특별시 강남구 도산대로 203  (신사동),02-2160-8900,http://www.marriott.com/travel/selfg,,,,,,,,,,,,,,,,,,,,,,,,,,,,,,,,,,
한국관광협회중앙회,관광호텔업,4성,2022-07-15,서울특별시,더케이호텔서울,252,서울특별시 서초구 바우뫼로12길 70 (양재동),02-571-8100,https://www.thek-hotel.co.kr/skmh/index.do,,,,,,,,,,,,,,,,,,,,,,,,,,,,,,,,,,
한국관광협회중앙회,관광호텔업,4성,2022-07-15,전라북도,라한호텔 전주,195,전라북도 전주시 완산구 기린대로 85  (풍남동3가),063-907-7410,https://lahanhotels.com/jeonju/index.do,,,,,,,,,,,,,,,,,,,,,,,,,,,,,,,,,,
한국관광협회중앙회,관광호텔업,5성,2022-07-15,전라남도,소노캄 여수,311,전라남도 여수시 오동도로 111 소노캄 여수 (수정동),061-660-5800,http://www.sonohotelsresorts.com/yeosu,,,,,,,,,,,,,,,,,,,,,,,,,,,,,,,,,,
한국관광협회중앙회,관광호텔업,2성,2022-07-14,전라남도,남도호텔,50,전라남도 해남군 해남읍 영빈로 53  ,061-535-9595,http://www.namdohotel.com,,,,,,,,,,,,,,,,,,,,,,,,,,,,,,,,,,
한국관광협회중앙회,관광호텔업,2성,2022-07-14,서울특별시,마인드 호텔,65,서울특별시 금천구 남부순환로 1262 141-19 (가산동),02-839-1220,http://mindhotel.co.kr/,,,,,,,,,,,,,,,,,,,,,,,,,,,,,,,,,,
한국관광협회중앙회,관광호텔업,3성,2022-07-13,서울특별시,호텔 카푸치노,141,서울특별시 강남구 봉은사로 155  (논현동),02-2038-9500,https://hotelcappuccino.co.kr,,,,,,,,,,,,,,,,,,,,,,,,,,,,,,,,,,
한국관광협회중앙회,관광호텔업,3성,2022-07-12,서울특별시,트레블로지 명동 을지로,224,서울특별시 중구 수표로 61 (을지로2가),02-6362-6000,http://www.travelodgemyeongdongeuljiro.com,,,,,,,,,,,,,,,,,,,,,,,,,,,,,,,,,,
한국관광협회중앙회,관광호텔업,1성,2022-07-11,서울특별시,제리스 플래닛,42,서울특별시 강남구 강남대로92길 13 (역삼동),02-555-4204,http://www.jerrysplanet.com,,,,,,,,,,,,,,,,,,,,,,,,,,,,,,,,,,
한국관광협회중앙회,관광호텔업,5성,2022-07-11,인천광역시,쉐라톤 그랜드 인천 호텔,321,인천광역시 연수구 컨벤시아대로 153  (송도동),032-835-1000,https://www.marriott.co.kr/hotels/travel/selgi-sheraton-grand-incheon-hotel/?msclkid=40b5c793bbc511ec8b3107606d9372c9,37.3902357,126.6412073,4.4,없음,,있음,270000.0,있음,320000.0,없음,,있음,있음,있음,있음,있음,있음,있음,있음,있음,있음,있음,있음,없음,있음,있음,있음,있음,있음,있음,있음,있음,있음,있음
한국관광협회중앙회,관광호텔업,3성,2022-07-11,경기도,어반이스트호텔,99,경기도 고양시 덕양구 고양대로 1725  (원흥동),031-966-8202,http://www.urban-est.co.kr,,,,,,,,,,,,,,,,있음,,,,,,,,,,,,,,,,,,
한국관광협회중앙회,관광호텔업,5성,2022-07-08,서울특별시,소피텔 앰배서더 서울 호텔 & 서비스드 레지던스,403,서울특별시 송파구 잠실로 209  (신천동),02-2902-6000,http://www.sofitel-seoul.com,,,,,,,,,,,,,,,,있음,,,,,,,,,,,,,,,,,,
한국관광협회중앙회,관광호텔업,4성,2022-07-06,울산광역시,호텔현대 바이 라한 울산,272,울산광역시 동구 방어진순환도로 875 라한호텔 울산 (전하동),052-251-2233,http://www.lahanhotels.com,,,,,,,,,,,,,,,,있음,,,,,,,,,,,,,,,,,,
한국관광협회중앙회,관광호텔업,5성,2022-07-06,경상북도,힐튼경주,330,경상북도 경주시 보문로 484-7  (신평동),054-745-7788,http://www.hiltongyeongju.co.kr,,,,,,,,,,,,,,,,있음,,,,,,,,,,,,,,,,,,
한국관광협회중앙회,관광호텔업,3성,2022-07-05,경기도,라까사호텔 광명,194,경기도 광명시 일직로12번길 22  (일직동),02-6711-9000,https://www.hotellacasa.kr,,,,,,,,,,,,,,,,있음,,,,,,,,,,,,,,,,,,
한국관광협회중앙회,가족호텔업,5성,2022-07-04,서울특별시,소피텔 앰배서더 서울 호텔 & 서비스드 레지던스,160,서울특별시 송파구 잠실로 209  (신천동),02-2092-6000,http://www.sofitel-seoul.com,,,,,,,,,,,,,,,,,,,,,,,,,,,,,,,,,,
한국관광협회중앙회,관광호텔업,3성,2022-07-04,부산광역시,이비스 앰배서더 부산시티센터,207,부산광역시 부산진구 중앙대로 777  (부전동),051-930-1100,https://www.ambatel.com/ibis/busan/ko/main.do,,,,,,,,,,,,,,,,,,,,,,,,,,,,,,,,,,
한국관광협회중앙회,관광호텔업,1성,2022-07-01,경기도,해시호텔,46,경기도 수원시 팔달구 갓매산로 72-1  (고등동),031-251-8881,,,,,,,,,,,,,,,,,,,,,,,,,,,,,,,,,,,
한국관광협회중앙회,관광호텔업,2성,2022-07-01,서울특별시,호텔 데님 서울,88,서울특별시 강남구 논현로 66  (개포동),02-2058-1000,http://www.hoteldenim.com,,,,,,,,,,,,,,,,,,,,,,,,,,,,,,,,,,
한국관광협회중앙회,관광호텔업,4성,2022-07-01,서울특별시,힐튼 가든 인 서울 강남,208,서울특별시 서초구 강남대로 253 (서초동),02-580-8500,https://hiltongardeninn.hilton.co.kr,,,,,,,,,,,,,,,,,,,,,,,,,,,,,,,,,,
한국관광협회중앙회,관광호텔업,4성,2022-06-24,경기도,롤링힐스 호텔,228,경기도 화성시 남양읍 시청로 290 ,031-268-1000,http://www.rollinghills.co.kr,,,,,,,,,,,,,,,,,,,,,,,,,,,,,,,,,,
한국관광협회중앙회,관광호텔업,5성,2022-06-21,대전광역시,호텔 오노마 오토그래프 컬렉션,171,대전광역시 유성구 엑스포로 1  (도룡동),042-259-8007,http://www.hotel-onoma.com/,,,,,,,,,,,,,,,,,,,,,,,,,,,,,,,,,,
한국관광협회중앙회,관광호텔업,2성,2022-06-17,경기도,B-STAY 부천호텔,98,경기도 부천시 길주로 131  (상동),032-326-8181,http://www.bucheonhotel.co.kr,,,,,,,,,,,,,,,,,,,,,,,,,,,,,,,,,,
한국관광협회중앙회,소형호텔업,1성,2022-06-17,서울특별시,오월호텔,28,서울특별시 강남구 언주로85길 27 지하1층 (역삼동),02-557-5001,http://owallhotel.com,,,,,,,,,,,,,,,,,,,,,,,,,,,,,,,,,,
한국관광협회중앙회,관광호텔업,1성,2022-06-17,서울특별시,케이월드호텔,54,서울특별시 광진구 동일로 90  (자양동),02-465-1141,https://hotelkworld.modoo.at,,,,,,,,,,,,,,,,,,,,,,,,,,,,,,,,,,
한국관광협회중앙회,가족호텔업,2성,2022-06-15,전라남도,루미아호텔앤리조트,59,전라남도 완도군 신지면 울몰길 49 루미아호텔앤리조트 ,061-554-1000,https://lumia-wando.com/,,,,,,,,,,,,,,,,,,,,,,,,,,,,,,,,,,
한국관광협회중앙회,관광호텔업,1성,2022-06-15,경상남도,브라운도트 호텔 양산서창점,40,경상남도 양산시 삼호로 197-16  (삼호동),055-785-0027,,,,,,,,,,,,,,,,,,,,,,,,,,,,,,,,,,,
한국관광협회중앙회,관광호텔업,3성,2022-06-15,전라남도,목포 신안 비치 호텔,128,전라남도 목포시 해안로 2  (죽교동),061-243-3399,http://www.shinanbeachhotel.com,,,,,,,,,,,,,,,,,,,,,,,,,,,,,,,,,,
한국관광협회중앙회,관광호텔업,2성,2022-06-13,인천광역시,호텔498,71,인천광역시 연수구 용담로85번길 24  (청학동),032-899-9300,http://hotel498.com,37.4174089,126.671912,4.2,있음,57000.0,있음,80000.0,있음,92000.0,없음,,있음,있음,있음,있음,있음,없음,있음,있음,없음,없음,없음,없음,없음,있음,없음,있음,있음,있음,있음,있음,있음,없음,있음
한국관광협회중앙회,가족호텔업,3성,2022-06-10,경상남도,클럽이에스 통영리조트,106,경상남도 통영시 산양읍 척포길 628-113  ,055-644-0096,https://www.clubes.co.kr/,,,,,,,,,,,,,,,,,,,,,,,,,,,,,,,,,,
한국관광협회중앙회,관광호텔업,4성,2022-06-08,서울특별시,아만티 호텔 서울,150,서울특별시 마포구 월드컵북로 31,02-334-3111,http://www.hotelamanti.com,,,,,,,,,,,,,,,,,,,,,,,,,,,,,,,,,,
한국관광협회중앙회,관광호텔업,2성,2022-06-08,부산광역시,이비스 버젯 앰배서더 부산 해운대,178,부산광역시 해운대구 해운대해변로209번길 8  (우동),051-901-1100,https://www.ambatel.com/ibisbudget/haeundae/ko/main.do,,,,,,,,,,,,,,,,,,,,,,,,,,,,,,,,,,
한국관광협회중앙회,관광호텔업,4성,2022-06-07,경기도,코트야드 바이 메리어트 서울 판교,282,경기도 성남시 분당구 판교역로192번길 12 8층동 (삼평동),031-8060-2000,http://www.marriott.co.kr/hotels/travel/selpn-courtyard-seoul-pangyo,,,,,,,,,,,,,,,,,,,,,,,,,,,,,,,,,,
한국관광협회중앙회,관광호텔업,4성,2022-05-31,서울특별시,포포인츠 바이 쉐라톤 조선 서울역,342,서울특별시 용산구 한강대로 366  (동자동),02-6070-7000,https://www.marriott.com/hotels/travel/selfp-four-points-josun-seoul-station/,,,,,,,,,,,,,,,,,,,,,,,,,,,,,,,,,,
한국관광협회중앙회,관광호텔업,4성,2022-05-31,서울특별시,L7 홍대 바이 롯데,340,서울특별시 마포구 양화로 141  (동교동),02-2289-1000,https://www.lottehotel.com/hongdae-l7/ko.html,,,,,,,,,,,,,,,,,,,,,,,,,,,,,,,,,,
한국관광협회중앙회,소형호텔업,2성,2022-05-31,경상남도,통영 호텔피코,24,경상남도 통영시 항남4길 19 피코 통영지점 (항남동),051-747-2541,https://hotelpicoty.modoo.at/,,,,,,,,,,,,,,,,,,,,,,,,,,,,,,,,,,
한국관광협회중앙회,관광호텔업,5성,2022-05-27,서울특별시,노보텔 앰배서더 서울 동대문,331,서울특별시 중구 을지로 238  (을지로6가),02-3425-8000,http://ambatel.com/novotel/dongdaemun/ko/main.do,,,,,,,,,,,,,,,,,,,,,,,,,,,,,,,,,,
한국관광협회중앙회,관광호텔업,4성,2022-05-25,경상북도,코모도 호텔 경주,276,경상북도 경주시 보문로 422  (신평동),054-740-8100,http://commodore.co.kr,,,,,,,,,,,,,,,,,,,,,,,,,,,,,,,,,,
한국관광협회중앙회,관광호텔업,2성,2022-05-25,부산광역시,오션뷰호텔,30,부산광역시 수영구 광안해변로278번길 42 b동 13~14층 (민락동),051-755-2777,https://oceanviewhotel.modoo.at/?link=bktq9k0b,,,,,,,,,,,,,,,,,,,,,,,,,,,,,,,,,,
한국관광협회중앙회,가족호텔업,5성,2022-05-23,서울특별시,노보텔 앰배서더 서울 동대문 호텔&레지던스,192,서울특별시 중구 을지로 238  (을지로6가),02-3425-8000,https://www.ambatel.com/novotel/dongdaemun/ko/main.do,,,,,,,,,,,,,,,,,,,,,,,,,,,,,,,,,,
한국관광협회중앙회,관광호텔업,3성,2022-05-23,서울특별시,호텔 그레이스리 서울,336,서울특별시 중구 세종대로12길 12  (남대문로4가),02-6936-0100,https://seoul.gracery.com/kr/,,,,,,,,,,,,,,,,,,,,,,,,,,,,,,,,,,
한국관광협회중앙회,관광호텔업,5성,2022-05-19,서울특별시,"비스타 워커힐 서울 (구, W 서울 워커힐)",244,서울특별시 광진구 워커힐로 177 워커힐호텔 (광장동),02-455-5000,http://walkerhill.co.kr,,,,,,,,,,,,,,,,,,,,,,,,,,,,,,,,,,
한국관광협회중앙회,관광호텔업,5성,2022-05-18,강원도,씨마크 호텔,150,강원도 강릉시 해안로406번길 2  (강문동),033-650-7000,,,,,,,,,,,,,,,,,,,,,,,,,,,,,,,,,,,
한국관광협회중앙회,가족호텔업,2성,2022-05-16,경상남도,거제오아시스호텔,155,경상남도 거제시 장평4로2길 11-9  (장평동),055-636-8900,http://www.geojeoasis.co.kr,,,,,,,,,,,,,,,,,,,,,,,,,,,,,,,,,,
한국관광협회중앙회,관광호텔업,5성,2022-05-13,서울특별시,노보텔 앰배서더 서울 용산,621,서울특별시 용산구 청파로20길 95  (한강로3가),02-2223-7000,https://www.seouldragoncity.com/ko/,,,,,,,,,,,,,,,,,,,,,,,,,,,,,,,,,,
한국관광협회중앙회,관광호텔업,2성,2022-05-13,인천광역시,3S 부티끄 호텔,93,인천광역시 서구 원당대로 874  (당하동),032-568-5610,http://donginhotel.com,37.5931619,126.6942133,3.2,없음,,있음,44000.0,있음,57000.0,없음,,있음,있음,있음,있음,있음,없음,있음,있음,있음,없음,없음,없음,없음,있음,없음,있음,있음,없음,있음,있음,있음,없음,있음
한국관광협회중앙회,관광호텔업,5성,2022-05-13,서울특별시,"그랜드 워커힐 서울 (구, 쉐라톤 그랜드 워커힐 서울)",539,서울특별시 광진구 워커힐로 177 워커힐호텔 (광장동),02-455-5000,https://www.walkerhill.com/,,,,,,,,,,,,,,,,,,,,,,,,,,,,,,,,,,
한국관광협회중앙회,관광호텔업,2성,2022-05-12,인천광역시,W 호텔,40,인천광역시 중구 월미로 211 w 관광호텔 (북성동1가),032-772-6300,https://icwhotel.modoo.at,37.47692279,126.5995405,3.0,없음,,있음,45000.0,없음,,없음,,있음,있음,있음,있음,있음,없음,있음,있음,없음,없음,없음,없음,없음,있음,없음,있음,있음,없음,없음,있음,있음,없음,있음
한국관광협회중앙회,관광호텔업,3성,2022-05-12,서울특별시,리버사이드 호텔 서울,109,서울특별시 서초구 강남대로107길 6  (잠원동),02-6710-1100,http://www.riversidehotel.co.kr/intro/intro.php,,,,,,,,,,,,,,,,,,,,,,,,,,,,,,,,,,
한국관광협회중앙회,관광호텔업,3성,2022-05-12,서울특별시,신라스테이 서대문,319,서울특별시 서대문구 충정로 76  (미근동),02-6388-9000,https://shillastay.com/seodaemun/index.do?lang=ko,,,,,,,,,,,,,,,,,,,,,,,,,,,,,,,,,,
한국관광협회중앙회,관광호텔업,2성,2022-05-12,경상북도,주왕산 온천 관광 호텔,46,경상북도 청송군 청송읍 중앙로 315  ,054-874-7000,http://www. juwangspahotel.co.kr,,,,,,,,,,,,,,,,,,,,,,,,,,,,,,,,,,
한국관광협회중앙회,관광호텔업,1성,2022-05-04,경기도,센트럴관광호텔,52,경기도 안양시 동안구 흥안대로 513  (관양동),031-423-2111,http://www.central-hotel.co.kr,,,,,,,,,,,,,,,,,,,,,,,,,,,,,,,,,,
한국관광협회중앙회,관광호텔업,3성,2022-05-04,경기도,호텔아르떼,54,경기도 수원시 팔달구 인계로108번길 37  (인계동),031-8067-6600,http://www.hotelarte.co.kr,,,,,,,,,,,,,,,,,,,,,,,,,,,,,,,,,,
한국관광협회중앙회,관광호텔업,2성,2022-04-29,대전광역시,선샤인 호텔 대전,55,대전광역시 동구 동서대로 1700 호텔선샤인 (가양동),042-620-6500,http://www.hotelsunshine.kr/,,,,,,,,,,,,,,,,,,,,,,,,,,,,,,,,,,
한국관광협회중앙회,가족호텔업,5성,2022-04-25,서울특별시,반얀트리 클럽 앤 스파 서울,50,서울특별시 중구 장충단로 60  (장충동2가),02-2250-8080,https://www.banyantreeclub.com/kr/offers/event.asp,,,,,,,,,,,,,,,,,,,,,,,,,,,,,,,,,,
한국관광협회중앙회,관광호텔업,2성,2022-04-25,서울특별시,캠프 관광호텔,50,서울특별시 양천구 가로공원로 167  (신월동),02-2699-7356,,,,,,,,,,,,,,,,,,,,,,,,,,,,,,,,,,,
한국관광협회중앙회,관광호텔업,2성,2022-04-25,서울특별시,하모니 호텔,81,서울특별시 강동구 천중로40길 63  (길동),02-485-8525,http://www.harmonyhotel.co.kr,,,,,,,,,,,,,,,,,,,,,,,,,,,,,,,,,,
한국관광협회중앙회,관광호텔업,4성,2022-04-22,강원도,용평 리조트 드래곤 밸리 호텔,195,강원도 평창군 대관령면 올림픽로 715  ,033-330-7111,http://www.yongpyong.co.kr,,,,,,,,,,,,,,,,,,,,,,,,,,,,,,,,,,
한국관광협회중앙회,관광호텔업,3성,2022-04-22,부산광역시,부산 비즈니스 호텔,233,부산광역시 부산진구 부전로 67  (부전동),051-808-2000,http://www.busanbusinesshotel.com,,,,,,,,,,,,,,,,,,,,,,,,,,,,,,,,,,
한국관광협회중앙회,소형호텔업,1성,2022-04-22,서울특별시,에이원호텔,21,서울특별시 용산구 이태원로20길 2-8  (이태원동),02-795-5997,,,,,,,,,,,,,,,,,,,,,,,,,,,,,,,,,,,
한국관광협회중앙회,관광호텔업,5성,2022-04-22,대구광역시,호텔 인터불고 대구,325,대구광역시 수성구 팔현길 212  (만촌동),053-602-7114,http://www.hotel-interburgo-daegu.com,,,,,,,,,,,,,,,,,,,,,,,,,,,,,,,,,,
한국관광협회중앙회,가족호텔업,4성,2022-04-18,전라북도,소노벨 변산,504,전라북도 부안군 변산면 변산해변로 51  ,02-1588-4888,http://www.sonohotelsresorts.com/bs,,,,,,,,,,,,,,,,,,,,,,,,,,,,,,,,,,
한국관광협회중앙회,관광호텔업,2성,2022-04-08,경기도,제이비스 호텔,58,경기도 의정부시 청사로6번길 19-7  (신곡동),031-836-4500,,,,,,,,,,,,,,,,,,,,,,,,,,,,,,,,,,,
한국관광협회중앙회,관광호텔업,3성,2022-04-08,서울특별시,호텔 크레센도 서울,107,서울특별시 강남구 봉은사로 428 (삼성동),02-6260-8800,http://www.hotelcrescendo.co.kr/,,,,,,,,,,,,,,,,,,,,,,,,,,,,,,,,,,
한국관광협회중앙회,관광호텔업,3성,2022-04-07,전라남도,여수 디오션 호텔,136,전라남도 여수시 소호로 295  (소호동),061-689-0858,https://theoceanresort.co.kr/intro.do,,,,,,,,,,,,,,,,,,,,,,,,,,,,,,,,,,
한국관광협회중앙회,관광호텔업,3성,2022-04-07,강원도,브리드호텔 양양,35,강원도 양양군 현남면 인구항길 17  ,033-942-5500,https://www.hwrc.co.kr/hwrc/index.do,,,,,,,,,,,,,,,,,,,,,,,,,,,,,,,,,,
한국관광협회중앙회,관광호텔업,2성,2022-04-05,부산광역시,브라운도트호텔 덕천점,47,부산광역시 북구 금곡대로8번길 20  (덕천동),051-341-3991,https://www.wnhotels.com/,,,,,,,,,,,,,,,,,,,,,,,,,,,,,,,,,,
한국관광협회중앙회,관광호텔업,2성,2022-04-05,전라남도,파인힐스컨트리클럽 호텔,36,전라남도 순천시 주암면 송광사길 99  ,061-750-9200,https://www.bosungleisure.com/pinehills/index.asp,,,,,,,,,,,,,,,,,,,,,,,,,,,,,,,,,,
한국관광협회중앙회,관광호텔업,2성,2022-03-29,경기도,라센느 관광 호텔,52,경기도 평택시 도일유통길 13-27  (도일동),02-8029-5459,,,,,,,,,,,,,,,,,,,,,,,,,,,,,,,,,,,
한국관광협회중앙회,관광호텔업,4성,2022-03-25,경기도,나인트리 프리미어 호텔 서울 판교,315,경기도 성남시 수정구 창업로 18 나인트리 프리미어 호텔 서울 판교 (시흥동),031-5178-5099,http://www.ninetreehotels.com/nth5/,,,,,,,,,,,,,,,,,,,,,,,,,,,,,,,,,,
한국관광협회중앙회,관광호텔업,3성,2022-03-17,전라남도,여수 호텔더시티,55,전라남도 여수시 좌수영로 641  (둔덕동),061-808-8000,http://www.citypark.co.kr,,,,,,,,,,,,,,,,,,,,,,,,,,,,,,,,,,
한국관광협회중앙회,가족호텔업,5성,2022-03-17,서울특별시,호텔 오크우드 프리미어,280,서울특별시 강남구 테헤란로87길 46  (삼성동),02-3466-7500,http://www.oakwoodpremier.co.kr,,,,,,,,,,,,,,,,,,,,,,,,,,,,,,,,,,
한국관광협회중앙회,관광호텔업,3성,2022-03-17,서울특별시,호텔토마스명동,123,서울특별시 중구 세종대로16길 26  (북창동),02-777-9500,https://hotelthomas.co.kr/,,,,,,,,,,,,,,,,,,,,,,,,,,,,,,,,,,
한국관광협회중앙회,관광호텔업,4성,2022-03-14,서울특별시,라마다 서울 신도림,104,서울특별시 구로구 경인로 624 (신도림동),02-2162-2000,http://www.ramadasindorim.com,,,,,,,,,,,,,,,,,,,,,,,,,,,,,,,,,,
한국관광협회중앙회,관광호텔업,2성,2022-03-14,서울특별시,신트라 호텔,54,서울특별시 관악구 신림로66길 16  (신림동),02-877-1925,http://www.sintrahotel.kr,,,,,,,,,,,,,,,,,,,,,,,,,,,,,,,,,,
한국관광협회중앙회,관광호텔업,3성,2022-03-08,전라북도,베스트웨스턴 호텔 군산,181,전라북도 군산시 새만금북로 435 . (오식도동),063-469-1234,http://www.gunsanhotel.co.kr,,,,,,,,,,,,,,,,,,,,,,,,,,,,,,,,,,
한국관광협회중앙회,관광호텔업,3성,2022-03-07,경기도,이비스 앰배서더 수원,215,경기도 수원시 팔달구 권광로 132  (인계동),031-230-5000,https://www.ambatel.com/ibis/suwon/ko/main.do,,,,,,,,,,,,,,,,,,,,,,,,,,,,,,,,,,
한국관광협회중앙회,관광호텔업,2성,2022-02-25,대구광역시,골든캐프호텔,54,대구광역시 동구 율암로 156-28 (상매동),053-965-9000,http://hotelgoldencalf.modoo.at,,,,,,,,,,,,,,,,,,,,,,,,,,,,,,,,,,
한국관광협회중앙회,관광호텔업,5성,2022-02-25,대구광역시,대구 메리어트 호텔,190,대구광역시 동구 동부로26길 6  (신천동),053-327-7000,http://www.daegumarriotthotel.com,,,,,,,,,,,,,,,,,,,,,,,,,,,,,,,,,,
한국관광협회중앙회,관광호텔업,2성,2022-02-25,서울특별시,보보 호텔,55,서울특별시 마포구 양화로 94 보보호텔 (서교동),02-324-0021,http://www.bobohotel.net,,,,,,,,,,,,,,,,,,,,,,,,,,,,,,,,,,
한국관광협회중앙회,가족호텔업,4성,2022-02-25,강원도,델피노,84,강원도 고성군 토성면 미시령옛길 1153 소노캄 호텔 델피노 ,033-639-8316,https://www.sonohotelsresorts.com/dp/,,,,,,,,,,,,,,,,,,,,,,,,,,,,,,,,,,
한국관광협회중앙회,관광호텔업,3성,2022-02-25,인천광역시,제이앤 파크 호텔,80,인천광역시 중구 용유서로 262-15  (을왕동),032-752-9892,http://www.jnparkhotel.co.kr,37.4450115,126.3752188,4.5,있음,145000.0,있음,180000.0,있음,253000.0,있음,273000.0,있음,있음,있음,있음,있음,있음,있음,있음,없음,없음,있음,없음,없음,있음,있음,있음,있음,있음,있음,있음,있음,없음,없음
한국관광협회중앙회,관광호텔업,2성,2022-02-24,부산광역시,그랜드베른호텔,60,부산광역시 영도구 해양로 38  (청학동),051-414-1300,,,,,,,,,,,,,,,,,,,,,,,,,,,,,,,,,,,
한국관광협회중앙회,한국전통호텔업,2성,2022-02-24,인천광역시,연화문 호텔,44,인천광역시 중구 용유서로304번길 12  (을왕동),032-752-8968,http://yeanhwamoonhotel.co.kr/,37.44645423,126.3761013,4.7,있음,53300.0,있음,57000.0,있음,76000.0,있음,209000.0,있음,있음,있음,있음,있음,없음,있음,있음,없음,없음,없음,없음,없음,있음,없음,있음,있음,없음,있음,있음,있음,없음,있음
한국관광협회중앙회,관광호텔업,2성,2022-02-24,서울특별시,코너호텔,39,서울특별시 송파구 송파대로 385  (석촌동),02-417-9351,,,,,,,,,,,,,,,,,,,,,,,,,,,,,,,,,,,
한국관광협회중앙회,관광호텔업,2성,2022-02-24,서울특별시,호텔 더 디자이너스 프리미어 건대,100,서울특별시 광진구 동일로 172  (화양동),02-463-5678,"http://designers-1lleven,com",,,,,,,,,,,,,,,,,,,,,,,,,,,,,,,,,,
한국관광협회중앙회,관광호텔업,4성,2021-12-28,서울특별시,스탠포드 호텔 서울,239,서울특별시 마포구 월드컵북로58길 15  (상암동),02-6016-0213,http://www.stanfordseoul.com/,,,,,,,,,,,,,,,,,,,,,,,,,,,,,,,,,,
한국관광협회중앙회,관광호텔업,4성,2021-12-28,서울특별시,코트야드 바이 메리어트 서울 보타닉 파크,262,서울특별시 강서구 마곡중앙12로 10 코트야드 메리어트 서울 보타닉파크 (마곡동),02-6946-7000,http://www.marriott.co.kr/hotels/travel/selcs-courtyard-seoul-botanic-park,,,,,,,,,,,,,,,,,,,,,,,,,,,,,,,,,,
한국관광협회중앙회,관광호텔업,2성,2021-12-27,부산광역시,샤이어호텔 서면,71,부산광역시 부산진구 부전로 18-5  (부전동),051-806-7172,http://www.shiretel.com,,,,,,,,,,,,,,,,,,,,,,,,,,,,,,,,,,
한국관광협회중앙회,관광호텔업,4성,2021-12-27,서울특별시,레스케이프 호텔,204,서울특별시 중구 퇴계로 67  (회현동1가),02-317-4000,https://lescapehotel.com,,,,,,,,,,,,,,,,,,,,,,,,,,,,,,,,,,
한국관광협회중앙회,관광호텔업,3성,2021-12-27,부산광역시,호텔 아쿠아펠리스,111,부산광역시 수영구 광안해변로 225  (광안동),051-790-2300,http://www.aquapalace.co.kr/,,,,,,,,,,,,,,,,,,,,,,,,,,,,,,,,,,
한국관광협회중앙회,관광호텔업,2성,2021-12-27,충청북도,리버 호텔,65,충청북도 충주시 애향로 35  (봉방동),043-851-2235,,,,,,,,,,,,,,,,,,,,,,,,,,,,,,,,,,,
한국관광협회중앙회,관광호텔업,2성,2021-12-27,경상남도,아몬드키즈관광호텔,42,경상남도 김해시 활천로237번길 8-13 (어방동),055-723-3535,http://almondkid.modoo.at,,,,,,,,,,,,,,,,,,,,,,,,,,,,,,,,,,
한국관광협회중앙회,관광호텔업,2성,2021-12-27,부산광역시,투헤븐 호텔,31,부산광역시 수영구 남천바다로33번길 25 투헤븐호텔 (광안동),051-757-7661,,,,,,,,,,,,,,,,,,,,,,,,,,,,,,,,,,,
한국관광협회중앙회,가족호텔업,4성,2021-12-27,서울특별시,프레이저플레이스 센트럴 서울,269,서울특별시 중구 통일로 78 (순화동),02-2220-8888,http://fpcs.co.kr/,,,,,,,,,,,,,,,,,,,,,,,,,,,,,,,,,,
한국관광협회중앙회,관광호텔업,3성,2021-12-27,경상북도,덕구온천리조트 호텔,98,경상북도 울진군 북면 덕구온천로 924  ,054-782-0677,http://www.dukgu.com,,,,,,,,,,,,,,,,,,,,,,,,,,,,,,,,,,
한국관광협회중앙회,관광호텔업,3성,2021-12-27,서울특별시,홀리데이 인 익스프레스 서울 홍대,294,서울특별시 마포구 양화로 188 (동교동),02-768-3000,http://www.hiex-seoulhongdae.com,,,,,,,,,,,,,,,,,,,,,,,,,,,,,,,,,,
한국관광협회중앙회,관광호텔업,5성,2021-12-27,부산광역시,아난티 힐튼 부산,310,부산광역시 기장군 기장읍 기장해안로 268-32  ,051-509-1111,http://www.hiltonbusan.co.kr,,,,,,,,,,,,,,,,,,,,,,,,,,,,,,,,,,
한국관광협회중앙회,관광호텔업,2성,2021-12-23,부산광역시,TRT HOTEL,49,부산광역시 부산진구 부전로 33-1  (부전동),051-819-8231,http://trthotel.com/,,,,,,,,,,,,,,,,,,,,,,,,,,,,,,,,,,
한국관광협회중앙회,관광호텔업,4성,2021-12-22,경상북도,더 케이 호텔 경주,304,경상북도 경주시 엑스포로 45 더케이호텔경주 (신평동),054-745-8100,http://www.thek-hotel.co.kr/gjmh/,,,,,,,,,,,,,,,,,,,,,,,,,,,,,,,,,,
한국관광협회중앙회,관광호텔업,1성,2021-12-22,경상남도,브룩스호텔,35,경상남도 통영시 통영해안로 407  (정량동),055-644-1212,https://booking.naver.com/booking/3/bizes/249961,,,,,,,,,,,,,,,,,,,,,,,,,,,,,,,,,,
한국관광협회중앙회,관광호텔업,2성,2021-12-22,경상북도,포항 코모도 호텔,46,경상북도 포항시 남구 송도로 71  (송도동),054-241-1400,,,,,,,,,,,,,,,,,,,,,,,,,,,,,,,,,,,
한국관광협회중앙회,소형호텔업,1성,2021-12-20,부산광역시,호텔브라운도트 광안비치점,29,부산광역시 수영구 남천바다로33번길 31  (광안동),051-753-3288,,,,,,,,,,,,,,,,,,,,,,,,,,,,,,,,,,,
한국관광협회중앙회,소형호텔업,2성,2021-12-16,서울특별시,나무호텔,23,서울특별시 광진구 아차산로76가길 12  (광장동),02-456-3271,http://www.namuhotel.com,,,,,,,,,,,,,,,,,,,,,,,,,,,,,,,,,,
한국관광협회중앙회,관광호텔업,2성,2021-12-16,경기도,뉴스카이호텔,36,경기도 용인시 처인구 백암면 고안로 48 ,031-339-0064,https://newskyhotel.modoo.at/,,,,,,,,,,,,,,,,,,,,,,,,,,,,,,,,,,
한국관광협회중앙회,관광호텔업,5성,2021-12-16,경상북도,라한셀렉트 경주 (구. 호텔현대 경주),430,경상북도 경주시 보문로 338  (신평동),054-748-2233,http://www.lahanhotels.com,,,,,,,,,,,,,,,,,,,,,,,,,,,,,,,,,,
한국관광협회중앙회,관광호텔업,5성,2021-12-15,부산광역시,롯데호텔 부산,650,부산광역시 부산진구 가야대로 772  (부전동),051-810-5600,http://www.lottehotel.com/busan-hotel/ko.html,,,,,,,,,,,,,,,,,,,,,,,,,,,,,,,,,,
한국관광협회중앙회,관광호텔업,2성,2021-12-15,부산광역시,소르젠떼 비지니스 호텔,46,부산광역시 사상구 광장로81번길 55  (괘법동),051-715-2340,http://www.sorgente-hotel.com,,,,,,,,,,,,,,,,,,,,,,,,,,,,,,,,,,
한국관광협회중앙회,관광호텔업,4성,2021-12-13,서울특별시,L7 강남 바이 롯데,333,서울특별시 강남구 테헤란로 415 L7 강남 (삼성동),02-2011-1000,https://www.lottehotel.com/gangnam-l7/ko.html,,,,,,,,,,,,,,,,,,,,,,,,,,,,,,,,,,
한국관광협회중앙회,소형호텔업,2성,2021-12-13,강원도,하슬라 아트 월드 뮤지엄 호텔,23,강원도 강릉시 강동면 율곡로 1441 ,033-644-9411,https://museumhaslla.com/,,,,,,,,,,,,,,,,,,,,,,,,,,,,,,,,,,
한국관광협회중앙회,관광호텔업,5성,2021-12-10,인천광역시,네스트 호텔 (a member of Design Hotels™),370,인천광역시 중구 영종해안남로 19-5 (운서동),032-743-9000,https://www.nesthotel.co.kr,37.4248965,126.42384,4.4,없음,,있음,153000.0,있음,198000.0,없음,,있음,있음,있음,있음,있음,있음,있음,있음,있음,있음,있음,없음,없음,있음,있음,있음,있음,없음,있음,있음,있음,있음,있음
한국관광협회중앙회,가족호텔업,2성,2021-12-09,경상남도,거제뷰 골프텔,40,경상남도 거제시 거제면 두동로 259-80  ,055-639-2201,http://www.geojeview.co.kr,,,,,,,,,,,,,,,,,,,,,,,,,,,,,,,,,,
한국관광협회중앙회,관광호텔업,5성,2021-12-08,서울특별시,"조선 팰리스 서울 강남, 럭셔리 컬렉션 호텔",254,서울특별시 강남구 테헤란로 231  (역삼동),02-727-7200,https://jpy.josunhotel.com/main.do,,,,,,,,,,,,,,,,,,,,,,,,,,,,,,,,,,
한국관광협회중앙회,관광호텔업,3성,2021-12-07,서울특별시,롯데시티호텔 김포공항,197,서울특별시 강서구 하늘길 38  (방화동),02-6116-1000,https://www.lottehotel.com/gimpo-city/ko.html/,,,,,,,,,,,,,,,,,,,,,,,,,,,,,,,,,,
한국관광협회중앙회,관광호텔업,2성,2021-12-06,인천광역시,호텔시애틀 인천공항점,43,인천광역시 중구 신도시남로150번길 8  (운서동),032-752-1170,http://hotelseattle.modoo.at,37.494534,126.4872935,4.0,있음,81000.0,있음,90000.0,있음,120000.0,없음,,있음,있음,있음,있음,있음,없음,있음,있음,없음,없음,없음,없음,있음,있음,없음,있음,있음,있음,있음,있음,있음,없음,있음
한국관광협회중앙회,관광호텔업,4성,2021-12-04,경기도,블룸비스타호텔앤컨퍼런스주식회사 ,292,경기도 양평군 강하면 강남로 316  ,031-770-8888,http://www.bloomvista.co.kr,,,,,,,,,,,,,,,,,,,,,,,,,,,,,,,,,,
한국관광협회중앙회,소형호텔업,2성,2021-12-03,인천광역시,선재해림,20,인천광역시 옹진군 영흥면 선재로226번길 107-34 ,032-880-1688,http://www.sj-haelim.com,37.2522053,126.5224212,4.0,없음,,있음,279000.0,있음,357000.0,있음,520000.0,있음,있음,있음,있음,있음,없음,있음,있음,없음,없음,있음,있음,있음,있음,없음,있음,있음,있음,있음,있음,없음,있음,있음
한국관광협회중앙회,관광호텔업,2성,2021-11-30,부산광역시,명지 오이아 호텔,51,부산광역시 강서구 명지국제6로1번길 24 (도하마린타워) (명지동),051-207-1201,https://bsoiahotel.modoo.at/,,,,,,,,,,,,,,,,,,,,,,,,,,,,,,,,,,
한국관광협회중앙회,관광호텔업,3성,2021-11-26,경기도,호텔 에스알 스위츠,66,경기도 성남시 분당구 황새울로319번길 9 (서현동),031-702-6565,http://www.srsuites.com,,,,,,,,,,,,,,,,,,,,,,,,,,,,,,,,,,
한국관광협회중앙회,관광호텔업,4성,2021-11-26,광주광역시,홀리데이 인 광주 호텔,205,광주광역시 서구 상무누리로 55  (치평동),062-610-7000,http://higwangju.com/,,,,,,,,,,,,,,,,,,,,,,,,,,,,,,,,,,
한국관광협회중앙회,관광호텔업,2성,2021-11-22,서울특별시,에이치에비뉴 호텔 이대,94,서울특별시 마포구 신촌로 152  (노고산동),02-702-4577,http://havenue.gamsunglab.com/branch4,,,,,,,,,,,,,,,,,,,,,,,,,,,,,,,,,,
한국관광협회중앙회,관광호텔업,2성,2021-11-22,서울특별시,호텔 DM,100,서울특별시 종로구 난계로29길 73  (숭인동),02-2236-3144,http://www.hotel-dm.com,,,,,,,,,,,,,,,,,,,,,,,,,,,,,,,,,,
한국관광협회중앙회,관광호텔업,5성,2021-11-19,서울특별시,서울 신라 호텔,464,서울특별시 중구 동호로 249  (장충동2가),02-2233-3131,https://www.shilla.net/seoul/index.do,,,,,,,,,,,,,,,,,,,,,,,,,,,,,,,,,,
한국관광협회중앙회,관광호텔업,1성,2021-11-19,서울특별시,써클 호텔 서울,40,서울특별시 마포구 양화로 15 써클호텔 (합정동),02-338-0018,,,,,,,,,,,,,,,,,,,,,,,,,,,,,,,,,,,
한국관광협회중앙회,관광호텔업,2성,2021-11-19,경상북도,엘라포니시,52,경상북도 경주시 감포읍 동해안로 1594 ,054-741-5000,http://elafonisi.co.kr/,,,,,,,,,,,,,,,,,,,,,,,,,,,,,,,,,,
한국관광협회중앙회,관광호텔업,3성,2021-11-18,대전광역시,레전드 호텔,74,대전광역시 유성구 계룡로141번길 21  (봉명동),042-229-8000,http://www.legendhotel.co.kr/kor/index.do,,,,,,,,,,,,,,,,,,,,,,,,,,,,,,,,,,
한국관광협회중앙회,관광호텔업,2성,2021-11-18,전라남도,케이스테이관광호텔,48,전라남도 강진군 군동면 청자로 299 케이스테이관광호텔 ,061-1661-0117,http://www.kstayhotel.co.kr,,,,,,,,,,,,,,,,,,,,,,,,,,,,,,,,,,
한국관광협회중앙회,가족호텔업,5성,2021-11-12,서울특별시,그랜드 머큐어 앰배서더 호텔 앤 레지던스 서울 용산,196,서울특별시 용산구 청파로20길 95 서울드래곤시티 (한강로3가),02-2223-7000,https://www.seouldragoncity.com/ko/,,,,,,,,,,,,,,,,,,,,,,,,,,,,,,,,,,
한국관광협회중앙회,가족호텔업,5성,2021-11-12,서울특별시,노보텔 스위트 앰배서더 서울 용산,264,서울특별시 용산구 청파로20길 95 서울드래곤시티 (한강로3가),02-2223-7000,https://sdc-club.com/ko/,,,,,,,,,,,,,,,,,,,,,,,,,,,,,,,,,,
한국관광협회중앙회,관광호텔업,1성,2021-11-12,울산광역시,H 호텔,44,울산광역시 남구 화합로178번길 7 H호텔 (삼산동),052-271-9044,http://www.hhotelkorea.com/,,,,,,,,,,,,,,,,,,,,,,,,,,,,,,,,,,
한국관광협회중앙회,가족호텔업,2성,2021-11-12,경상북도,안동 리첼 호텔,90,경상북도 안동시 관광단지로 346-69  (성곡동),054-850-9700,http://richell-andong.co.kr/,,,,,,,,,,,,,,,,,,,,,,,,,,,,,,,,,,
한국관광협회중앙회,관광호텔업,2성,2021-11-12,경상남도,통영 엔쵸비 관광호텔,43,경상남도 통영시 동호로 56  (정량동),055-642-6000,http://www.anchovyhotel.com,,,,,,,,,,,,,,,,,,,,,,,,,,,,,,,,,,
한국관광협회중앙회,관광호텔업,3성,2021-11-12,경기도,호텔더메이,125,경기도 남양주시 별내2로 70  (별내동),031-551-8700,http://www.hotelthemay.com,,,,,,,,,,,,,,,,,,,,,,,,,,,,,,,,,,
한국관광협회중앙회,관광호텔업,1성,2021-11-12,서울특별시,호텔 에스,86,서울특별시 강서구 곰달래로 108 (화곡동),02-2602-6002,http://www.s-hotel.co.kr/,,,,,,,,,,,,,,,,,,,,,,,,,,,,,,,,,,
한국관광협회중앙회,관광호텔업,1성,2021-11-03,부산광역시,에이치에비뉴 호텔 광안리,29,"부산광역시 수영구 민락수변로 29 11층, 12층 (민락동)",051-753-1340,http://havenue.gamsunglab.com/branch2,,,,,,,,,,,,,,,,,,,,,,,,,,,,,,,,,,
한국관광협회중앙회,관광호텔업,5성,2021-11-03,서울특별시,몬드리안 서울 이태원 (구. 호텔캐피탈),297,서울특별시 용산구 장문로 1  (이태원동),02-2076-2000,http://mondrian-seoul.com,,,,,,,,,,,,,,,,,,,,,,,,,,,,,,,,,,
한국관광협회중앙회,관광호텔업,3성,2021-11-03,부산광역시,호메르스 호텔,143,부산광역시 수영구 광안해변로 217 (광안동),051-750-8000,http://www.homershotel.com,,,,,,,,,,,,,,,,,,,,,,,,,,,,,,,,,,
한국관광협회중앙회,관광호텔업,4성,2021-10-28,경상남도,그랜드 머큐어 앰배서더 창원 (구. 풀만 앰배서더 창원),321,경상남도 창원시 의창구 원이대로 332 (대원동),055-600-0700,https://www.ambatel.com/grandmercure/changwon/ko/main.do,,,,,,,,,,,,,,,,,,,,,,,,,,,,,,,,,,
한국관광협회중앙회,관광호텔업,4성,2021-10-28,경기도,라마다 프라자 수원 호텔,287,경기도 수원시 팔달구 중부대로 150 라마다프라자 수원 호텔 (인계동),031-230-0001,http://www.ramadaplazasuwon.com,,,,,,,,,,,,,,,,,,,,,,,,,,,,,,,,,,
한국관광협회중앙회,관광호텔업,2성,2021-10-28,부산광역시,선트리 관광호텔,32,부산광역시 해운대구 달맞이길 209 1층 (중동),051-742-0021,http://www.suntreehotel.com,,,,,,,,,,,,,,,,,,,,,,,,,,,,,,,,,,
한국관광협회중앙회,관광호텔업,1성,2021-10-28,경상북도,풍기 관광 호텔,47,경상북도 영주시 풍기읍 풍기로 53 풍기관광호텔 ,054-637-8800,,,,,,,,,,,,,,,,,,,,,,,,,,,,,,,,,,,
한국관광협회중앙회,관광호텔업,1성,2021-10-22,인천광역시,VOW관광호텔,73,인천광역시 계양구 계양문화로59번길 9 (계산동),032-545-1111,http://www.hotelvow.com,37.5359679,126.7313141,4.2,없음,,있음,60900.0,없음,,없음,,있음,있음,있음,있음,있음,없음,있음,있음,없음,없음,없음,없음,없음,있음,없음,있음,있음,없음,있음,있음,없음,있음,없음
한국관광협회중앙회,관광호텔업,3성,2021-10-22,경상북도,스위트 호텔 경주,34,경상북도 경주시 보문로 280-12  (북군동),054-778-5300,http://www.suites.co.kr/gyeongju/ko/,,,,,,,,,,,,,,,,,,,,,,,,,,,,,,,,,,
한국관광협회중앙회,관광호텔업,3성,2021-10-22,경기도,어반 부티크 호텔,80,경기도 안양시 동안구 흥안대로 497  (관양동),031-421-0000,http://www.urbanhotel.co.kr,,,,,,,,,,,,,,,,,,,,,,,,,,,,,,,,,,
한국관광협회중앙회,관광호텔업,2성,2021-10-15,부산광역시,라메르 호텔,49,부산광역시 동구 조방로34번길 9  (범일동),051-634-3001,http://lamerhotel.co.kr,,,,,,,,,,,,,,,,,,,,,,,,,,,,,,,,,,
한국관광협회중앙회,관광호텔업,4성,2021-10-15,서울특별시,서울가든호텔,372,서울특별시 마포구 마포대로 58  (도화동),02-710-7111,https://seoulgarden.co.kr/,,,,,,,,,,,,,,,,,,,,,,,,,,,,,,,,,,
한국관광협회중앙회,관광호텔업,3성,2021-10-15,전라북도,호텔 은파팰리스,65,전라북도 군산시 은파순환길 20  (나운동),063-467-7000,http://www.h-eunpapalace.com,,,,,,,,,,,,,,,,,,,,,,,,,,,,,,,,,,
한국관광협회중앙회,관광호텔업,2성,2021-10-15,부산광역시,호텔 런더너 광안점,45,부산광역시 수영구 민락본동로 12-4  (민락동),051-755-0055,,,,,,,,,,,,,,,,,,,,,,,,,,,,,,,,,,,
한국관광협회중앙회,관광호텔업,2성,2021-09-19,울산광역시,에이치에비뉴호텔 울산삼산점,57,울산광역시 남구 삼산로395번길 11 해야호텔 (삼산동),052-256-2980,http://www.haeyahotel.com,,,,,,,,,,,,,,,,,,,,,,,,,,,,,,,,,,
한국관광협회중앙회,관광호텔업,2성,2021-09-15,부산광역시,베스트 루이스 해밀턴 호텔 서부산점,50,부산광역시 강서구 범방3로29번길 6  (범방동),051-660-6900,http://www.bestlouishamilton.com,,,,,,,,,,,,,,,,,,,,,,,,,,,,,,,,,,
한국관광협회중앙회,관광호텔업,2성,2021-09-10,충청남도,(주)호텔 로씨오,52,충청남도 당진시 송악읍 한진포구길 30-38  ,041-355-3100,http://hotelrocio.kr,,,,,,,,,,,,,,,,,,,,,,,,,,,,,,,,,,
한국관광협회중앙회,관광호텔업,4성,2021-09-10,서울특별시,알로프트서울명동호텔,223,서울특별시 중구 남대문로 56  (명동2가),02-2084-1000,http://www.aloftseoulmyeongdong.com,,,,,,,,,,,,,,,,,,,,,,,,,,,,,,,,,,
한국관광협회중앙회,가족호텔업,3성,2021-09-10,경상남도,호텔스테이온,63,경상남도 거제시 장평1로9길 21-4  (장평동),055-922-1700,http://www.codelliahotel.com,,,,,,,,,,,,,,,,,,,,,,,,,,,,,,,,,,
한국관광협회중앙회,관광호텔업,2성,2021-09-03,경기도,웨스트나인호텔,65,경기도 김포시 김포한강9로75번길 64  (구래동),031-982-5821,,,,,,,,,,,,,,,,,,,,,,,,,,,,,,,,,,,
한국관광협회중앙회,관광호텔업,4성,2021-09-01,서울특별시,오라카이 대학로 호텔,232,서울특별시 종로구 율곡로 180  (원남동),02-6353-7700,http://www.orakaihotels.com,,,,,,,,,,,,,,,,,,,,,,,,,,,,,,,,,,
한국관광협회중앙회,관광호텔업,3성,2021-09-01,서울특별시,호텔 엔트라,92,서울특별시 강남구 도산대로 508  (청담동),02-500-1500,http://www.entrahotel.com,,,,,,,,,,,,,,,,,,,,,,,,,,,,,,,,,,
한국관광협회중앙회,관광호텔업,2성,2021-08-26,부산광역시,호텔 라온,67,부산광역시 해운대구 송정광어골로 39 호텔라온 (송정동),051-714-0003,http://www.busan-laon.com,,,,,,,,,,,,,,,,,,,,,,,,,,,,,,,,,,
한국관광협회중앙회,관광호텔업,4성,2021-08-24,경기도,그래비티 서울 판교 오토그래프 컬렉션,306,경기도 성남시 분당구 판교역로146번길 2 (백현동),031-539-4880,http://www.gravityhotel.com,,,,,,,,,,,,,,,,,,,,,,,,,,,,,,,,,,
한국관광협회중앙회,관광호텔업,5성,2021-08-23,서울특별시,JW 메리어트 동대문스퀘어 서울,170,서울특별시 종로구 청계천로 279  (종로6가),02-2276-3000,http://www.jwmarriottddm.com,,,,,,,,,,,,,,,,,,,,,,,,,,,,,,,,,,
한국관광협회중앙회,가족호텔업,5성,2021-08-18,인천광역시,오크우드 프리미어 인천 호텔,423,인천광역시 연수구 컨벤시아대로 165 (송도동),032-726-2000,http://www.oakwoodpremier.co.kr/,37.389219,126.6403209,4.6,없음,,있음,266000.0,있음,338000.0,있음,426000.0,있음,있음,있음,있음,있음,없음,있음,있음,없음,있음,없음,없음,있음,있음,있음,있음,있음,있음,있음,있음,있음,없음,있음
한국관광협회중앙회,관광호텔업,1성,2021-08-12,경기도,호텔 제니스,59,경기도 부천시 길주로77번길 19-22 제니스호텔 (상동),032-329-3333,,,,,,,,,,,,,,,,,,,,,,,,,,,,,,,,,,,
한국관광협회중앙회,관광호텔업,2성,2021-07-28,경상북도,노블리온 호텔 ,42,경상북도 포항시 남구 희망대로659번길 20  (대잠동),054-272-0009,https://www.instagram.com/noblionhotel/,,,,,,,,,,,,,,,,,,,,,,,,,,,,,,,,,,
한국관광협회중앙회,관광호텔업,2성,2021-07-28,경기도,호텔 심포니,64,경기도 수원시 영통구 반달로128번길 13 (영통동),031-206-2106,http://www.amourhotel.com,,,,,,,,,,,,,,,,,,,,,,,,,,,,,,,,,,
한국관광협회중앙회,관광호텔업,2성,2021-07-28,경기도,호텔 아모르,64,경기도 수원시 영통구 반달로128번길 9 (영통동),031-206-0942,http://www.amourhotel.com,,,,,,,,,,,,,,,,,,,,,,,,,,,,,,,,,,
한국관광협회중앙회,관광호텔업,3성,2021-07-23,경상남도,스카이뷰 관광호텔,94,경상남도 창원시 마산합포구 해안대로 317  (신포동2가),055-248-2700,https://www.skyviewhotel.kr/,,,,,,,,,,,,,,,,,,,,,,,,,,,,,,,,,,
한국관광협회중앙회,관광호텔업,5성,2021-07-23,서울특별시,그랜드 인터컨티넨탈 서울 파르나스,550,서울특별시 강남구 테헤란로 521 그랜드 인터컨티넨탈 서울 파르나스 (삼성동),02-555-5656,http:// https://www.grandicparnas.com,,,,,,,,,,,,,,,,,,,,,,,,,,,,,,,,,,
한국관광협회중앙회,관광호텔업,4성,2021-07-23,부산광역시,아바니 센트럴 부산,281,부산광역시 남구 전포대로 133  (문현동),051-791-5800,http://www.avanihotels.com/ko/central-busan,,,,,,,,,,,,,,,,,,,,,,,,,,,,,,,,,,
한국관광협회중앙회,관광호텔업,3성,2021-07-14,서울특별시,롯데시티호텔 구로,287,서울특별시 구로구 디지털로 300 지밸리비즈플라자 (구로동),02-6210-1000,https://www.lottehotel.com/guro-city,,,,,,,,,,,,,,,,,,,,,,,,,,,,,,,,,,
한국관광협회중앙회,관광호텔업,4성,2021-07-14,강원도,쏠비치 호텔 삼척,217,강원도 삼척시 수로부인길 453 (갈천동),033-803-7955,https://www.sonohotelsresorts.com,,,,,,,,,,,,,,,,,,,,,,,,,,,,,,,,,,
한국관광협회중앙회,관광호텔업,2성,2021-07-14,경상남도,웰니스 호텔 인산가,36,경상남도 함양군 함양읍 삼봉로 292-90  ,055-963-9585,http://www.wellnesshotel.co.kr/,,,,,,,,,,,,,,,,,,,,,,,,,,,,,,,,,,
한국관광협회중앙회,관광호텔업,2성,2021-07-14,대구광역시,팔공산 온천 관광호텔,36,대구광역시 동구 팔공산로185길 11 (용수동),053-985-8080,http://www.palgongspa.co.kr,,,,,,,,,,,,,,,,,,,,,,,,,,,,,,,,,,
한국관광협회중앙회,관광호텔업,1성,2021-07-12,서울특별시,드어반 호텔,46,서울특별시 강서구 곰달래로24길 35  (화곡동),02-2602-6393,,,,,,,,,,,,,,,,,,,,,,,,,,,,,,,,,,,
한국관광협회중앙회,관광호텔업,4성,2021-07-07,서울특별시,포포인츠 바이 쉐라톤 조선 서울 명동,375,서울특별시 중구 삼일대로10길 36  (저동2가),02-6466-6000,https://www.josunhotel.com/hotel/fpbsmyeongdong.do,,,,,,,,,,,,,,,,,,,,,,,,,,,,,,,,,,
한국관광협회중앙회,관광호텔업,2성,2021-07-07,서울특별시,글루호텔,53,서울특별시 종로구 율곡로 228  (이화동),02-2024-8400,http://gluehotel.com,,,,,,,,,,,,,,,,,,,,,,,,,,,,,,,,,,
한국관광협회중앙회,관광호텔업,3성,2021-07-07,강원도,뉴동해관광호텔,63,강원도 동해시 평릉길 1  (천곡동),033-533-9215,http://hotelnd.com,,,,,,,,,,,,,,,,,,,,,,,,,,,,,,,,,,
한국관광협회중앙회,관광호텔업,4성,2021-07-07,강원도,롯데 리조트 속초,392,강원도 속초시 대포항길 186 (대포동),033-634-1101,http://www.lotteresort.com/,,,,,,,,,,,,,,,,,,,,,,,,,,,,,,,,,,
한국관광협회중앙회,관광호텔업,2성,2021-07-07,서울특별시,리치 다이아몬드 호텔,76,서울특별시 강북구 삼양로 500-18  (수유동),02-905-9131,http://http://www.richdiamondhotel.com,,,,,,,,,,,,,,,,,,,,,,,,,,,,,,,,,,
한국관광협회중앙회,관광호텔업,3성,2021-07-07,서울특별시,신라스테이 서초,305,서울특별시 서초구 효령로 427  (서초동),02-2219-9101,https://www.shillastay.com/seocho/index.do?lang=ko,,,,,,,,,,,,,,,,,,,,,,,,,,,,,,,,,,
한국관광협회중앙회,관광호텔업,3성,2021-07-07,광주광역시,씨에스 호텔,94,광주광역시 서구 상무평화로 128 (치평동),062-363-3300,http://cshotel.kr,,,,,,,,,,,,,,,,,,,,,,,,,,,,,,,,,,
한국관광협회중앙회,관광호텔업,4성,2021-07-07,서울특별시,,코트야드 바이 메리어트 서울 타임스퀘어,283,서울특별시 영등포구 영중로 15  (영등포동4가),02-2638-3000,http://www.courtyardseoul.com,,,,,,,,,,,,,,,,,,,,,,,,,,,,,,,,,
한국관광협회중앙회,관광호텔업,5성,2021-07-07,서울특별시,페어몬트 앰배서더 서울,326,서울특별시 영등포구 여의대로 108  (여의도동),02-3395-6000,https://www.fairmont.co.kr/seoul/,,,,,,,,,,,,,,,,,,,,,,,,,,,,,,,,,,
한국관광협회중앙회,관광호텔업,5성,2021-07-07,서울특별시,롯데 호텔 서울,1015,서울특별시 중구 을지로 30  (소공동),02-771-1000,http://www.lottehotel.com,,,,,,,,,,,,,,,,,,,,,,,,,,,,,,,,,,
한국관광협회중앙회,관광호텔업,5성,2021-07-07,서울특별시,롯데 호텔 월드,482,서울특별시 송파구 올림픽로 240  (잠실동),02-419-7000,https://www.lottehotel.com/world-hotel/ko.html,,,,,,,,,,,,,,,,,,,,,,,,,,,,,,,,,,
한국관광협회중앙회,관광호텔업,1성,2021-07-07,경기도,호텔씨엘,54,경기도 하남시 대청로22번길 9-9 신장동 524-11 (신장동),031-341-1000,,,,,,,,,,,,,,,,,,,,,,,,,,,,,,,,,,,
한국관광협회중앙회,관광호텔업,4성,2021-07-02,전라남도,벨메르 바이 한화호텔앤드리조트,100,전라남도 여수시 웅천남4로 17  (웅천동),061-924-1500,https://www.hanwharesort.co.kr/irsweb/resort3/resort/rs_room.do?bp_cd=2201,,,,,,,,,,,,,,,,,,,,,,,,,,,,,,,,,,
한국관광협회중앙회,가족호텔업,1성,2021-06-17,경상남도,HOTEL GA JO,30,경상남도 거창군 가조면 온천길 108-11  ,055-944-0112,https://www.hotelgajo.co.kr/,,,,,,,,,,,,,,,,,,,,,,,,,,,,,,,,,,
한국관광협회중앙회,관광호텔업,3성,2021-06-17,강원도,동해현진관광호텔,82,강원도 동해시 동굴로 125-3 . (천곡동),033-539-2000,,,,,,,,,,,,,,,,,,,,,,,,,,,,,,,,,,,
한국관광협회중앙회,관광호텔업,2성,2021-06-17,부산광역시,라이온호텔 ,73,부산광역시 부산진구 중앙대로691번가길 14-7  (부전동),051-808-3593,http://www.lionhotelbusan.com,,,,,,,,,,,,,,,,,,,,,,,,,,,,,,,,,,
한국관광협회중앙회,관광호텔업,4성,2021-06-17,전라남도,쏠비치 진도,98,전라남도 진도군 의신면 송군길 30-40  ,061-899-7000,http://www.daemyungresort.com/sb/jd/,,,,,,,,,,,,,,,,,,,,,,,,,,,,,,,,,,
한국관광협회중앙회,관광호텔업,3성,2021-06-17,대구광역시,제이비관광호텔,47,대구광역시 동구 율암로 162  (상매동),053-964-2000,,,,,,,,,,,,,,,,,,,,,,,,,,,,,,,,,,,
한국관광협회중앙회,관광호텔업,3성,2021-06-17,대구광역시,퀸벨 호텔,62,대구광역시 동구 동촌로 200  (방촌동),053-282-1000,http://www.queenvell.com,,,,,,,,,,,,,,,,,,,,,,,,,,,,,,,,,,
한국관광협회중앙회,관광호텔업,2성,2021-06-17,부산광역시,하운드호텔 기장일광점,55,부산광역시 기장군 일광면 해송3로 2  ,051-723-3322,https://houndig.modoo.at/,,,,,,,,,,,,,,,,,,,,,,,,,,,,,,,,,,
한국관광협회중앙회,관광호텔업,3성,2021-06-17,서울특별시,호텔 미드시티 명동 (구. 에이퍼스트호텔 명동),140,서울특별시 중구 다동길 30  (다동),02-3788-5888,https://www.midcity.co.kr/,,,,,,,,,,,,,,,,,,,,,,,,,,,,,,,,,,
한국관광협회중앙회,관광호텔업,4성,2021-06-17,경상남도,호텔 아리나,78,경상남도 밀양시 삼문강변로 82  (삼문동),055-350-7000,http://www.hotelarina.com,,,,,,,,,,,,,,,,,,,,,,,,,,,,,,,,,,
한국관광협회중앙회,관광호텔업,4성,2021-06-08,대전광역시,롯데시티호텔 대전,306,대전광역시 유성구 엑스포로123번길 33  (도룡동),042-333-1000,https://www.lottehotel.com/daejeon-city/ko.html,,,,,,,,,,,,,,,,,,,,,,,,,,,,,,,,,,
한국관광협회중앙회,관광호텔업,3성,2021-06-08,충청남도,신라스테이 천안,305,충청남도 천안시 서북구 동서대로 177 (성정동),041-415-9000,https://www.shillastay.com/cheonan/index.do?lang=ko,,,,,,,,,,,,,,,,,,,,,,,,,,,,,,,,,,
한국관광협회중앙회,관광호텔업,4성,2021-06-08,부산광역시,신라스테이 해운대,407,부산광역시 해운대구 해운대로570번길 46 (우동),051-912-9000,https://www.shillastay.com/haeundae/index.do?lang=ko,,,,,,,,,,,,,,,,,,,,,,,,,,,,,,,,,,
한국관광협회중앙회,관광호텔업,4성,2021-06-08,강원도,쏠비치 양양,214,강원도 양양군 손양면 선사유적로 678  ,033-670-3622,https://www.sonohotelsresorts.com/sb/yy/,,,,,,,,,,,,,,,,,,,,,,,,,,,,,,,,,,
한국관광협회중앙회,관광호텔업,3성,2021-06-08,경상남도,에비뉴 호텔 창원,60,경상남도 창원시 의창구 용지로169번길 5  (용호동),055-263-7200,http://www.hotelavenue.co.kr,,,,,,,,,,,,,,,,,,,,,,,,,,,,,,,,,,
한국관광협회중앙회,관광호텔업,3성,2021-06-08,서울특별시,트레블로지 명동 시티홀 호텔 (구. 호텔 아로파),129,서울특별시 중구 세종대로16길 22  (북창동),02-6362-6000,http://www.travelodgemyeongdongcityhall.com,,,,,,,,,,,,,,,,,,,,,,,,,,,,,,,,,,
한국관광협회중앙회,관광호텔업,1성,2021-06-08,서울특별시,호텔 감,37,서울특별시 강동구 천호대로159길 22-36  (천호동),02-486-5600,,,,,,,,,,,,,,,,,,,,,,,,,,,,,,,,,,,
한국관광협회중앙회,관광호텔업,3성,2021-06-08,부산광역시,호텔 센트럴베이,134,부산광역시 수영구 광안해변로 189  (광안동),051-982-9700,http://www.centralbay.co.kr,,,,,,,,,,,,,,,,,,,,,,,,,,,,,,,,,,
한국관광협회중앙회,관광호텔업,1성,2021-06-08,경기도,호텔야자 관광호텔,35,"경기도 성남시 수정구 위례광장로 9-10 9층,10층 (창곡동)",031-759-0508,,,,,,,,,,,,,,,,,,,,,,,,,,,,,,,,,,,
한국관광협회중앙회,관광호텔업,4성,2021-05-26,전라남도,히든 베이 호텔,131,전라남도 여수시 신월로 496-25  (신월동),061-680-3000,,,,,,,,,,,,,,,,,,,,,,,,,,,,,,,,,,,
한국관광협회중앙회,관광호텔업,4성,2021-05-25,전라북도,스위트 호텔 남원,59,전라북도 남원시 주천면 원천로 217 ,063-630-7100,http://www.suites.co.kr/namwon/ko,,,,,,,,,,,,,,,,,,,,,,,,,,,,,,,,,,
한국관광협회중앙회,관광호텔업,3성,2021-05-25,서울특별시,호텔 파크하비오,472,"서울특별시 송파구 송파대로 111  (문정동, 파크하비오)",02-6925-2900,http://www.hotelparkhabio.co.kr/,,,,,,,,,,,,,,,,,,,,,,,,,,,,,,,,,,
한국관광협회중앙회,관광호텔업,4성,2021-05-25,경상남도,스탠포드 호텔&리조트 ,144,경상남도 통영시 도남로 347 (도남동),055-725-0000,http://www.stanfordtongyeong.com,,,,,,,,,,,,,,,,,,,,,,,,,,,,,,,,,,
한국관광협회중앙회,관광호텔업,2성,2021-05-25,부산광역시,씨엘오션호텔,51,부산광역시 강서구 명지국제6로34번길 22  (명지동),051-271-8686,https://cohotel.modoo.at/,,,,,,,,,,,,,,,,,,,,,,,,,,,,,,,,,,
한국관광협회중앙회,관광호텔업,2성,2021-05-25,서울특별시,카파쓰 호텔,48,서울특별시 강남구 언주로89길 21,02-6205-3900,http://www.capace.co.kr,,,,,,,,,,,,,,,,,,,,,,,,,,,,,,,,,,
한국관광협회중앙회,관광호텔업,5성,2021-05-25,서울특별시,"더 플라자 서울, 오토그래프 컬렉션",410,서울특별시 중구 소공로 119  (태평로2가),02-771-2200,http://www.hoteltheplaza.com,,,,,,,,,,,,,,,,,,,,,,,,,,,,,,,,,,
한국관광협회중앙회,관광호텔업,2성,2021-05-14,경상남도,노마드 호텔,46,경상남도 김해시 인제로91번길 5  (어방동),055-326-7700,http://www.nomadhotel.co.kr,,,,,,,,,,,,,,,,,,,,,,,,,,,,,,,,,,
한국관광협회중앙회,관광호텔업,2성,2021-05-14,경상남도,아르누보 스위트 호텔,96,경상남도 거제시 장평1로 13  (장평동),055-731-1234,http://www.hotel1212.com,,,,,,,,,,,,,,,,,,,,,,,,,,,,,,,,,,
한국관광협회중앙회,관광호텔업,5성,2021-05-12,서울특별시,웨스틴 조선 서울,462,서울특별시 중구 소공로 106  (소공동),02-771-0500,https://www.josunhotel.com/hotel/westinseoul.do,,,,,,,,,,,,,,,,,,,,,,,,,,,,,,,,,,
한국관광협회중앙회,관광호텔업,3성,2021-05-12,울산광역시,호텔 굿모닝,75,울산광역시 동구 바드래1길 15,052-209-9000,http://www.ulsangoodmorninghotel.com,,,,,,,,,,,,,,,,,,,,,,,,,,,,,,,,,,
한국관광협회중앙회,관광호텔업,4성,2021-05-12,인천광역시,홀리데이 인 인천 송도 호텔,202,인천광역시 연수구 인천타워대로 251  (송도동),032-250-0000,http://holidayinnincheonsongdo.com,37.3931818,126.6287062,4.4,없음,,있음,189000.0,있음,237000.0,없음,,있음,있음,있음,있음,있음,없음,있음,있음,있음,있음,없음,없음,있음,있음,있음,있음,있음,없음,없음,있음,있음,없음,있음
한국관광협회중앙회,관광호텔업,5성,2021-05-11,부산광역시,그랜드 조선 부산,330,부산광역시 해운대구 해운대해변로 292  (중동),051-922-5000,https://gjb.josunhotel.com/main.do,,,,,,,,,,,,,,,,,,,,,,,,,,,,,,,,,,
한국관광협회중앙회,관광호텔업,3성,2021-05-11,서울특별시,골드리버호텔,109,서울특별시 금천구 서부샛길 584 (가산동),02-6021-8100,http://www.goldriverhotel.co.kr,,,,,,,,,,,,,,,,,,,,,,,,,,,,,,,,,,
한국관광협회중앙회,관광호텔업,3성,2021-05-11,전라남도,폰타나 비치 호텔,67,전라남도 목포시 평화로 69  (상동),061-288-7000,http://www.fontanabeachhotel.com,,,,,,,,,,,,,,,,,,,,,,,,,,,,,,,,,,
한국관광협회중앙회,관광호텔업,1성,2021-05-06,서울특별시,바고 관광호텔,42,서울특별시 강동구 천중로 27  (천호동),02-478-2575,https://hotel.naver.com/hotels/item?hotelid=hotel:vago_tourist_hotel&destination_kor=%eb%b0%94%ea%b3%a0%20%ea%b4%80%ea%b4%91%ed%98%b8%ed%85%94&nxquery=%eb%b0%94%ea%b3%a0%ea%b4%80%ea%b4%91%ed%98%b8%ed%85%94,,,,,,,,,,,,,,,,,,,,,,,,,,,,,,,,,,
한국관광협회중앙회,관광호텔업,3성,2021-05-06,서울특별시,호텔 페이토 삼성,163,서울특별시 강남구 테헤란로87길 9  (삼성동),02-6936-9700,http://www.peytohotel.com,,,,,,,,,,,,,,,,,,,,,,,,,,,,,,,,,,
한국관광협회중앙회,관광호텔업,3성,2021-05-04,서울특별시,크라운 호텔,204,서울특별시 용산구 녹사평대로 140  (이태원동),02-797-4111,https://hotelcrown.co.kr/,,,,,,,,,,,,,,,,,,,,,,,,,,,,,,,,,,
한국관광협회중앙회,관광호텔업,3성,2021-04-30,부산광역시,페어필드 바이 메리어트 부산 송도비치호텔,179,부산광역시 서구 송도해변로 113  (암남동),051-260-0000,http://www.marriott.com/pusfb,,,,,,,,,,,,,,,,,,,,,,,,,,,,,,,,,,
한국관광협회중앙회,관광호텔업,4성,2021-04-30,강원도,하이원 팰리스호텔 (구. 하이원호텔),197,강원도 정선군 고한읍 고한7길 399  ,033-590-7111,http://www.high1.com,,,,,,,,,,,,,,,,,,,,,,,,,,,,,,,,,,
한국관광협회중앙회,관광호텔업,2성,2021-04-24,부산광역시,유토피아 호텔,43,부산광역시 수영구 무학로9번길 133  (광안동),051-757-1100,,,,,,,,,,,,,,,,,,,,,,,,,,,,,,,,,,,
한국관광협회중앙회,관광호텔업,2성,2021-04-23,서울특별시,호텔 베이 204,71,서울특별시 도봉구 도봉로 710  (방학동),02-955-7400,http://www.hotelbay204.com,,,,,,,,,,,,,,,,,,,,,,,,,,,,,,,,,,
한국관광협회중앙회,관광호텔업,2성,2021-04-23,서울특별시,자딘 호텔,36,서울특별시 영등포구 영신로34길 33,02-2069-0468,,,,,,,,,,,,,,,,,,,,,,,,,,,,,,,,,,,
한국관광협회중앙회,관광호텔업,2성,2021-04-23,경기도,골든힐 호텔,80,경기도 파주시 탄현면 성동로 36-30  ,031-942-0222,http://www.goldenhillhotel.co.kr,,,,,,,,,,,,,,,,,,,,,,,,,,,,,,,,,,
한국관광협회중앙회,관광호텔업,2성,2021-04-23,전라북도,더메이호텔,33,전라북도 전주시 덕진구 기린대로 800  (팔복동1가),063-246-5555,http://www.themay.co.kr,,,,,,,,,,,,,,,,,,,,,,,,,,,,,,,,,,
한국관광협회중앙회,관광호텔업,1성,2021-04-23,경상남도,사과나무호텔,41,경상남도 창원시 마산합포구 가포신항북로 16  (가포동),055-223-9800,https://hotelapplelrtree.modoo.at,,,,,,,,,,,,,,,,,,,,,,,,,,,,,,,,,,
한국관광협회중앙회,관광호텔업,1성,2021-04-23,대구광역시,칸호텔,44,대구광역시 달성군 구지면 달성2차동1로 141 ,053-263-0777,,,,,,,,,,,,,,,,,,,,,,,,,,,,,,,,,,,
한국관광협회중앙회,관광호텔업,1성,2021-04-12,인천광역시,레이관광호텔,30,인천광역시 중구 을왕로58번길 7 (을왕동),032-752-8333,http://hotelray.co.kr,37.44958418,126.3705312,3.5,없음,,있음,134000.0,있음,264000.0,있음,319000.0,있음,있음,있음,있음,있음,있음,있음,있음,없음,없음,없음,없음,없음,있음,없음,있음,있음,없음,있음,있음,없음,있음,있음
한국관광협회중앙회,관광호텔업,3성,2021-03-29,충청북도,단양관광호텔,77,충청북도 단양군 단양읍 삼봉로 31  ,043-423-7070,http://www.danyanghotel.com,,,,,,,,,,,,,,,,,,,,,,,,,,,,,,,,,,
한국관광협회중앙회,관광호텔업,2성,2021-03-29,인천광역시,호텔 베이 204,91,인천광역시 남동구 인하로507번길 21-1  (구월동),032-429-0204,http://www.hotelbay204.co.kr,37.6678466,127.0394577,4.3,없음,,있음,76000.0,있음,101000.0,있음,132000.0,있음,있음,있음,있음,있음,없음,있음,있음,없음,없음,없음,없음,없음,있음,없음,있음,있음,없음,없음,있음,있음,없음,없음
한국관광협회중앙회,관광호텔업,2성,2021-03-29,서울특별시,호텔 더 디자이너스 건대,75,서울특별시 광진구 천호대로 521,02-466-7851,http://hotelthedesigners.com/,,,,,,,,,,,,,,,,,,,,,,,,,,,,,,,,,,
한국관광공사,관광호텔업,2성,2020-12-18,경상남도,아모르 관광호텔,52,경상남도 창원시 진해구 명제로472번길 17  (제덕동),055-604-4242,http://www.amorhotel.co.kr/main/main.php,,,,,,,,,,,,,,,,,,,,,,,,,,,,,,,,,,
한국관광공사,소형호텔업,3성,2020-12-05,경기도,호텔 마에스트로,25,경기도 안성시 양성면 안성맞춤대로 2134-36 ,031-8046-1111,http://www.maestrocc.co.kr,,,,,,,,,,,,,,,,,,,,,,,,,,,,,,,,,,
한국관광공사,관광호텔업,3성,2020-12-04,경기도,베니키아 레스트 호텔,70,경기도 김포시 태장로795번길 151  (장기동),031-988-3534,,,,,,,,,,,,,,,,,,,,,,,,,,,,,,,,,,,
한국관광공사,관광호텔업,2성,2020-12-03,대구광역시,호텔G,44,대구광역시 달성군 구지면 달성2차동1로 145  ,053-263-5511,http://blog.never.com/gg1124kr,,,,,,,,,,,,,,,,,,,,,,,,,,,,,,,,,,
한국관광공사,관광호텔업,1성,2020-12-02,경기도,소설스미스호텔,34,경기도 용인시 기흥구 민속촌로 57  (보라동),031-693-8412,,,,,,,,,,,,,,,,,,,,,,,,,,,,,,,,,,,
한국관광공사,관광호텔업,3성,2020-12-01,대전광역시,유성호텔,189,대전광역시 유성구 온천로 9  (봉명동),042-820-0100,http://www.yousunghotel.com,,,,,,,,,,,,,,,,,,,,,,,,,,,,,,,,,,
한국관광공사,관광호텔업,2성,2020-12-01,대구광역시,인스타관광호텔,52,대구광역시 동구 율암로 164 (상매동),053-213-8080,http://instarhotel.co.kr,,,,,,,,,,,,,,,,,,,,,,,,,,,,,,,,,,
한국관광공사,관광호텔업,3성,2020-11-28,경상북도,베니키아 스위스로젠 호텔,60,경상북도 경주시 보문로 465-37  (신평동),054-748-4848,,,,,,,,,,,,,,,,,,,,,,,,,,,,,,,,,,,
한국관광공사,관광호텔업,2성,2020-11-27,인천광역시,호텔 반월 구월동점,76,인천광역시 남동구 선수촌공원로17번길 6 (구월동),032-460-7000,http://www.asiadhotel.co.kr,37.4407744,126.7008547,4.5,없음,,있음,60000.0,있음,100000.0,있음,150000.0,있음,있음,있음,있음,있음,없음,있음,있음,없음,없음,없음,없음,없음,있음,없음,있음,있음,없음,없음,있음,있음,없음,있음
한국관광공사,관광호텔업,4성,2020-11-27,경기도,코트야드 메리어트 수원,288,경기도 수원시 영통구 광교호수공원로 320  (하동),031-267-5600,http://www.marriott.com/selcw,,,,,,,,,,,,,,,,,,,,,,,,,,,,,,,,,,
한국관광공사,관광호텔업,2성,2020-11-25,대구광역시,리버틴호텔,53,대구광역시 중구 경상감영길 193  (동문동),053-269-4000,http://www.rivertain.com,,,,,,,,,,,,,,,,,,,,,,,,,,,,,,,,,,
한국관광공사,관광호텔업,3성,2020-11-25,서울특별시,메리골드 호텔,186,서울특별시?마포구?양화로?112  (서교동),02-322-3578,http://www.hotelmarigold.co.kr,,,,,,,,,,,,,,,,,,,,,,,,,,,,,,,,,,
한국관광공사,관광호텔업,1성,2020-11-25,충청북도,세종스파텔,60,충청북도 청주시 청원구 내수읍 신기초정로 699  ,043-213-2332,http://www.cjspatel.co.kr,,,,,,,,,,,,,,,,,,,,,,,,,,,,,,,,,,
한국관광공사,관광호텔업,2성,2020-11-24,인천광역시,더프린스호텔,41,인천광역시 중구 을왕로58번길 5  (을왕동),032-746-7008,http://www.theprincehotel.co.kr,37.44940619,126.371361,4.5,없음,,있음,200000.0,있음,260000.0,있음,300000.0,있음,있음,있음,있음,있음,있음,있음,있음,없음,없음,없음,없음,없음,있음,없음,있음,있음,없음,없음,있음,없음,있음,없음
한국관광공사,관광호텔업,5성,2020-11-23,부산광역시,시그니엘 부산,260,"부산광역시 해운대구 달맞이길 30  (중동, 엘시티)",051-922-1000,https://www.lottehotel.com/busan-signiel,,,,,,,,,,,,,,,,,,,,,,,,,,,,,,,,,,
한국관광공사,소형호텔업,2성,2020-11-20,부산광역시,미포 오션사이드 호텔,28,부산광역시 해운대구 달맞이길62번길 28  (중동),051-601-4300,http://www.mipohotel.com,,,,,,,,,,,,,,,,,,,,,,,,,,,,,,,,,,
한국관광공사,관광호텔업,2성,2020-11-20,전라남도,베네치아 관광호텔,60,전라남도 순천시 팔마2길 13 (연향동),061-729-6000,http://hotelvene.com,,,,,,,,,,,,,,,,,,,,,,,,,,,,,,,,,,
한국관광공사,관광호텔업,2성,2020-11-20,전라북도,더그루브군산호텔,48,전라북도 군산시 소룡1길 55,063-464-0505,,,,,,,,,,,,,,,,,,,,,,,,,,,,,,,,,,,
한국관광공사,관광호텔업,5성,2020-11-20,서울특별시,파크 하얏트 서울,185,서울특별시 강남구 테헤란로 606  (대치동),02-2016-1234,http://parkhyattseoul.com,,,,,,,,,,,,,,,,,,,,,,,,,,,,,,,,,,
한국관광공사,관광호텔업,2성,2020-11-19,경상남도,리안호텔,32,경상남도 창원시 진해구 명제로 478  (제덕동),055-713-5577,,,,,,,,,,,,,,,,,,,,,,,,,,,,,,,,,,,
한국관광공사,관광호텔업,3성,2020-11-19,경기도,카인드 호텔,92,경기도 성남시 분당구 황새울로329번길 10  (서현동),031-781-0006,http://www.kyndhotel.co.kr,,,,,,,,,,,,,,,,,,,,,,,,,,,,,,,,,,
한국관광공사,관광호텔업,2성,2020-11-19,부산광역시,하운드호텔,49,부산광역시 수영구 남천바다로33번길 12 (광안동),051-755-0072,https://gwanganhound.modoo.at/,,,,,,,,,,,,,,,,,,,,,,,,,,,,,,,,,,
한국관광공사,관광호텔업,2성,2020-11-19,경기도,호텔 더 윈,80,경기도 고양시 덕양구 원흥3로 6-14  (원흥동),031-966-0033,,,,,,,,,,,,,,,,,,,,,,,,,,,,,,,,,,,
한국관광공사,관광호텔업,2성,2020-11-18,서울특별시,메이커스 호텔,42,서울특별시 종로구 돈화문로11길 33,02-747-5000,https://www.makers-hotel.com/,,,,,,,,,,,,,,,,,,,,,,,,,,,,,,,,,,
한국관광공사,관광호텔업,1성,2020-11-17,전라남도,거문도섬호텔,30,전라남도 여수시 삼산면 거문도등대길 54,061-665-6700,http://gumundo.co.kr/,,,,,,,,,,,,,,,,,,,,,,,,,,,,,,,,,,
한국관광공사,한국전통호텔업,1성,2020-11-17,전라북도,나비잠 한옥 호텔,20,전라북도 전주시 완산구 팔달로 150-17  (전동),063-287-8877,http://www.nbz-hanokhotel.com,,,,,,,,,,,,,,,,,,,,,,,,,,,,,,,,,,
한국관광공사,관광호텔업,2성,2020-11-17,서울특별시,호텔 드씨엘,60,서울특별시 중랑구 동일로 866  (묵동),02-975-9380,,,,,,,,,,,,,,,,,,,,,,,,,,,,,,,,,,,
한국관광공사,관광호텔업,1성,2020-11-17,경상북도,케이호텔,31,경상북도 경주시 천북면 천강로 295-60  ,054-748-6000,,,,,,,,,,,,,,,,,,,,,,,,,,,,,,,,,,,
한국관광공사,관광호텔업,1성,2020-11-16,경기도,호텔갤러리,45,경기도 포천시 소흘읍 죽엽산로 432-17  ,031-544-8008,http://www.hgallery.kr,,,,,,,,,,,,,,,,,,,,,,,,,,,,,,,,,,
한국관광공사,관광호텔업,3성,2020-11-13,전라남도,호텔 마띠유 여수,43,전라남도 여수시 오동도로 20  (공화동),061-662-3131,,,,,,,,,,,,,,,,,,,,,,,,,,,,,,,,,,,
한국관광공사,관광호텔업,1성,2020-11-13,서울특별시,호텔부티크나인,86,서울특별시 광진구 천호대로 560 (능동),02-456-1261,https://kdboutique9.modoo.at/,,,,,,,,,,,,,,,,,,,,,,,,,,,,,,,,,,
한국관광공사,관광호텔업,2성,2020-11-10,경상북도,호텔 뷰,42,경상북도 포항시 북구 해안로 91  (두호동),054-256-0055,https://pohangview.modoo.at/,,,,,,,,,,,,,,,,,,,,,,,,,,,,,,,,,,
한국관광공사,관광호텔업,2성,2020-11-03,경기도,골드호텔,48,경기도 남양주시 별내면 청학로92번길 133,031-841-2121,http://gold-hotel.co.kr,,,,,,,,,,,,,,,,,,,,,,,,,,,,,,,,,,
한국관광공사,관광호텔업,1성,2020-10-29,전라남도,더 엘 호텔,35,전라남도 여수시 이순신광장로 135 (중앙동),061-663-0100,http://hotelthel.com/,,,,,,,,,,,,,,,,,,,,,,,,,,,,,,,,,,
한국관광공사,관광호텔업,4성,2020-10-23,전라북도,(주)무주덕유산리조트,118,전라북도 무주군 설천면 만선로 185 ,063-320-7617,http://www.mdysresort.com,,,,,,,,,,,,,,,,,,,,,,,,,,,,,,,,,,
한국관광공사,관광호텔업,2성,2020-10-22,부산광역시,JB 디자인 호텔,80,부산광역시 해운대구 구남로12번길 31,051-750-9000,http://www.jbdesignhotel.com,,,,,,,,,,,,,,,,,,,,,,,,,,,,,,,,,,
한국관광공사,관광호텔업,5성,2020-10-17,경상남도,거제삼성호텔,166,경상남도 거제시 장평3로 80-37  (장평동),055-631-2114,http://www.sghotel.co.kr/main.do,,,,,,,,,,,,,,,,,,,,,,,,,,,,,,,,,,
한국관광공사,가족호텔업,3성,2020-10-16,충청남도,천안상록가족호텔,116,충청남도 천안시 동남구 수신면 수신로 576  ,041-560-9114,http://www.sangnokresort.co.kr,,,,,,,,,,,,,,,,,,,,,,,,,,,,,,,,,,
한국관광공사,관광호텔업,3성,2020-10-16,서울특별시,호텔 GMS,159,서울특별시 영등포구 경인로 867  (영등포동3가),02-882-2000,,,,,,,,,,,,,,,,,,,,,,,,,,,,,,,,,,,
한국관광공사,관광호텔업,2성,2020-10-15,경기도,베니키아 JD 관광호텔,71,경기도 남양주시 진접읍 해밀예당1로 50-44 ,031-571-2266,http://www.jdhotel.co.kr,,,,,,,,,,,,,,,,,,,,,,,,,,,,,,,,,,
한국관광공사,관광호텔업,3성,2020-10-15,강원도,시티호텔,49,강원도 원주시 건강로 4 (반곡동),033-747-1000,http://www.wonjucitihotel.com/kor/index.do,,,,,,,,,,,,,,,,,,,,,,,,,,,,,,,,,,
한국관광공사,관광호텔업,3성,2020-10-08,전라남도,파인비치 골프호텔,46,전라남도 해남군 화원면 시아로 224,061-530-7700,http://www.pinebeachcc.co.kr,,,,,,,,,,,,,,,,,,,,,,,,,,,,,,,,,,
한국관광공사,관광호텔업,3성,2020-09-29,서울특별시,도미인 서울 강남,220,서울특별시 강남구 봉은사로 134,02-548-5489,http://www.hotespa.net/hotels/gangnam/ko/,,,,,,,,,,,,,,,,,,,,,,,,,,,,,,,,,,
한국관광공사,관광호텔업,2성,2020-09-18,부산광역시,베스트 인 시티 호텔,72,부산광역시 동구 고관로 7  (초량동),051-464-8883,http://bestincityhotel.co.kr/,,,,,,,,,,,,,,,,,,,,,,,,,,,,,,,,,,
한국관광공사,관광호텔업,2성,2020-09-10,서울특별시,토요코인 서울영등포,379,서울특별시 영등포구 신길로 293  (영등포동1가),02-6959-1045,https://www.toyoko-inn.com/korea,,,,,,,,,,,,,,,,,,,,,,,,,,,,,,,,,,
한국관광공사,관광호텔업,3성,2020-09-08,서울특별시,신라스테이 삼성,309,서울특별시 강남구 영동대로 506 (삼성동),02-2175-9000,https://www.shillastay.com/samsung/index.do?lang=ko,,,,,,,,,,,,,,,,,,,,,,,,,,,,,,,,,,
한국관광공사,관광호텔업,3성,2020-09-03,경기도,호텔 푸르미르,239,경기도 화성시 효행로 480  (안녕동),031-8020-0000,http://www.hotelprumir.com/,,,,,,,,,,,,,,,,,,,,,,,,,,,,,,,,,,
한국관광공사,관광호텔업,2성,2020-09-01,서울특별시,호텔루 136,51,서울특별시 은평구 진흥로 136  (녹번동),02-386-0300,http://hotelru.kr/,,,,,,,,,,,,,,,,,,,,,,,,,,,,,,,,,,
한국관광공사,관광호텔업,3성,2020-08-28,충청북도,거성호텔,65,충청북도 음성군 맹동면 장성로 107  ,043-878-2300,http://www.geoseong.co.kr,,,,,,,,,,,,,,,,,,,,,,,,,,,,,,,,,,
한국관광공사,관광호텔업,1성,2020-08-27,부산광역시,라스베가스 호텔,48,부산광역시 사하구 낙동남로1405번길 14,051-203-8442,,,,,,,,,,,,,,,,,,,,,,,,,,,,,,,,,,,
한국관광공사,관광호텔업,2성,2020-08-21,경상남도,브라운도트 호텔 진해점,39,경상남도 창원시 진해구 용원동로221번길 60-7 (용원동),055-552-8092,,,,,,,,,,,,,,,,,,,,,,,,,,,,,,,,,,,
한국관광공사,관광호텔업,5성,2020-08-16,서울특별시,시그니엘 서울,235,서울특별시 송파구 올림픽로 300 롯데월드타워 (신천동),02-3213-1000,https://www.lottehotel.com/seoul-signiel/ko.html,,,,,,,,,,,,,,,,,,,,,,,,,,,,,,,,,,
한국관광공사,관광호텔업,2성,2020-08-12,대구광역시,노블스테이,51,대구광역시 중구 국채보상로123길 23  (동문동),053-421-5007,,,,,,,,,,,,,,,,,,,,,,,,,,,,,,,,,,,
한국관광공사,관광호텔업,3성,2020-08-06,충청북도,호텔 뮤제오,59,충청북도 청주시 흥덕구 가로수로1164번길 41-20  (강서동),043-267-3200,http://www.hotelmuseo.co.kr,,,,,,,,,,,,,,,,,,,,,,,,,,,,,,,,,,
한국관광공사,관광호텔업,3성,2020-08-05,경기도,신라스테이 동탄,286,경기도 화성시 노작로 161,031-8036-9000,http://www.shillastay.com/dongtan/,,,,,,,,,,,,,,,,,,,,,,,,,,,,,,,,,,
한국관광공사,관광호텔업,1성,2020-07-31,서울특별시,베니키아 노블 호텔,34,서울특별시 종로구 율곡로6길 13-3,02-742-4025,http://www.noblehotel.co.kr,,,,,,,,,,,,,,,,,,,,,,,,,,,,,,,,,,
한국관광공사,관광호텔업,2성,2020-07-29,서울특별시,호텔 더 캐슬(방이1),63,서울특별시 송파구 올림픽로32길 7  (방이동),02-412-2600,http://www.hotel-thecastle.com,,,,,,,,,,,,,,,,,,,,,,,,,,,,,,,,,,
한국관광공사,관광호텔업,2성,2020-07-22,서울특별시,리치웰 호텔,57,서울특별시 강남구 테헤란로37길 13-10  (역삼동),02-553-6655,http://richwellhotel.com/html/main.asp,,,,,,,,,,,,,,,,,,,,,,,,,,,,,,,,,,
한국관광공사,관광호텔업,3성,2020-07-20,광주광역시,ACC 디자인 호텔,76,광주광역시 동구 금남로 226-11,062-227-6400,http://www.acchotel.kr/,,,,,,,,,,,,,,,,,,,,,,,,,,,,,,,,,,
한국관광공사,관광호텔업,2성,2020-07-20,전라남도,베니키아 호텔 여수,49,전라남도 여수시 시청서6길 19,061-662-0001,http://www.benikeahotel.co.kr,,,,,,,,,,,,,,,,,,,,,,,,,,,,,,,,,,
한국관광공사,소형호텔업,2성,2020-07-20,경상남도,브릿지호텔,21,경상남도 통영시 용남면 남해안대로 18  ,055-649-3800,http://www.bridgehotel.net,,,,,,,,,,,,,,,,,,,,,,,,,,,,,,,,,,
한국관광공사,관광호텔업,2성,2020-07-20,경상남도,여우비 호텔,60,경상남도 창원시 마산합포구 월영동11길 22 (해운동),055-243-9999,http://yeoubihotel.modoo.at,,,,,,,,,,,,,,,,,,,,,,,,,,,,,,,,,,
한국관광공사,소형호텔업,1성,2020-07-10,경상북도,호텔 라우스데오,29,경상북도 포항시 북구 장량로127번길 6  (장성동),054-255-6000,,,,,,,,,,,,,,,,,,,,,,,,,,,,,,,,,,,
한국관광공사,관광호텔업,2성,2020-07-08,충청북도,호텔더반,37,충청북도 충주시 대소원면 메가폴리스2로 63  ,043-910-0911,https://thebanhotel.modoo.at,,,,,,,,,,,,,,,,,,,,,,,,,,,,,,,,,,
한국관광공사,소형호텔업,1성,2020-07-06,서울특별시,부티크 호텔 XYM,29,서울특별시 송파구 송이로 104  (가락동),02-409-5919,,,,,,,,,,,,,,,,,,,,,,,,,,,,,,,,,,,
한국관광공사,관광호텔업,2성,2020-07-02,경기도,서울 투어리스트 호텔,59,경기도 시흥시 군자천로 315  (정왕동),031-431-1300,http://hotel-st.com,,,,,,,,,,,,,,,,,,,,,,,,,,,,,,,,,,
한국관광공사,관광호텔업,2성,2020-07-02,전라북도,베니키아 아리울 호텔,45,전라북도 군산시 가도안1길 45  (오식도동),063-464-2007,http://www.gunsanariul.com,,,,,,,,,,,,,,,,,,,,,,,,,,,,,,,,,,
한국관광공사,관광호텔업,2성,2020-07-02,서울특별시,호텔 더 디자이너스 서울역점,100,서울특별시 용산구 한강대로 305,02-703-6200,http://hotelthedesigners.kr/,,,,,,,,,,,,,,,,,,,,,,,,,,,,,,,,,,
한국관광공사,관광호텔업,2성,2020-06-23,인천광역시,호텔 에어포트 준,48,인천광역시 중구 신도시남로150번길 18,032-746-4417,http://www.hoteljune.com,37.4944202,126.4840184,3.3,있음,60000.0,있음,75000.0,없음,,없음,,있음,있음,있음,있음,있음,없음,있음,있음,없음,없음,없음,없음,없음,있음,없음,있음,있음,없음,있음,있음,있음,없음,있음
한국관광공사,관광호텔업,2성,2020-06-22,서울특별시,딜라이트 호텔,71,서울특별시 송파구 오금로11길 21-9,02-414-1263,http://www.hoteldelight.co.kr,,,,,,,,,,,,,,,,,,,,,,,,,,,,,,,,,,
한국관광공사,관광호텔업,2성,2020-06-12,대구광역시,앙코르 호텔,72,대구광역시 동구 이노밸리로 7  (상매동),053-241-2233,http://www.encorehotel.org,,,,,,,,,,,,,,,,,,,,,,,,,,,,,,,,,,
한국관광공사,관광호텔업,3성,2020-06-10,대전광역시,계룡스파텔,143,대전광역시 유성구 온천로 81,042-602-1111,http://www.jaekyungdan.mil.kr/sub/bokjiinfo/sisulinfo/spatel/default/default.jsp,,,,,,,,,,,,,,,,,,,,,,,,,,,,,,,,,,
한국관광공사,관광호텔업,3성,2020-06-05,경상남도,호텔 파인 그로브,66,경상남도 김해시 번화1로67번길 20,055-310-1100,http://www.pinegrove.co.kr,,,,,,,,,,,,,,,,,,,,,,,,,,,,,,,,,,
한국관광공사,관광호텔업,1성,2020-06-02,경기도,호텔 디,59,경기도 오산시 원동로 5  (원동),031-372-7444,,,,,,,,,,,,,,,,,,,,,,,,,,,,,,,,,,,
한국관광공사,관광호텔업,2성,2020-05-27,경상북도,울진 그랜드 호텔,40,경상북도 울진군 울진읍 현내항길 97,054-781-9901,http://www.uljingrandhotel.com,,,,,,,,,,,,,,,,,,,,,,,,,,,,,,,,,,
한국관광공사,관광호텔업,2성,2020-05-22,충청북도,수안보 파크 호텔,111,충청북도 충주시 수안보면 탑골1길 36,043-846-2331,http://www.suanbopark.co.kr,,,,,,,,,,,,,,,,,,,,,,,,,,,,,,,,,,
한국관광공사,관광호텔업,2성,2020-05-22,부산광역시,지앤지 호텔,41,부산광역시 남구 유엔평화로4번길 34,051-626-7723,,,,,,,,,,,,,,,,,,,,,,,,,,,,,,,,,,,
한국관광공사,관광호텔업,2성,2020-05-22,울산광역시,판도라 호텔,70,울산광역시 남구 삼산로392번길 8,052-716-2553,http://www.dailyhotel.co.kr,,,,,,,,,,,,,,,,,,,,,,,,,,,,,,,,,,
한국관광공사,관광호텔업,2성,2020-05-21,서울특별시,샤이닝 글로리 하우스,69,서울특별시 마포구 희우정로 90  (망원동),02-336-9000,http://www.shininggh.com,,,,,,,,,,,,,,,,,,,,,,,,,,,,,,,,,,
한국관광공사,관광호텔업,2성,2020-05-19,경상북도,센트로 관광호텔,54,경상북도 칠곡군 왜관읍 중앙로 152-3 ,054-972-2777,http://www.centrohotel.co.kr,,,,,,,,,,,,,,,,,,,,,,,,,,,,,,,,,,
한국관광공사,관광호텔업,5성,2020-05-15,경기도,소노캄 고양 (구. 엠블호텔 고양),826,경기도 고양시 일산동구 태극로 20,031-927-7700,http://www.mvlhotel.com/goyang,,,,,,,,,,,,,,,,,,,,,,,,,,,,,,,,,,
한국관광공사,관광호텔업,2성,2020-05-13,경기도,호텔 파인,35,경기도 용인시 기흥구 삼성2로96번길 29-49  (농서동),031-8015-0404,,,,,,,,,,,,,,,,,,,,,,,,,,,,,,,,,,,
한국관광공사,관광호텔업,1성,2020-05-11,울산광역시,아마란스 호텔,30,울산광역시 울주군 상북면 석남로 752-8 ,052-254-2171,http://blog.naver.com/bky3850326k,,,,,,,,,,,,,,,,,,,,,,,,,,,,,,,,,,
한국관광공사,관광호텔업,1성,2020-05-11,인천광역시,다이아몬드 호텔,50,인천광역시 중구 월미로 229  (북성동1가),032-777-8780,,37.47533977,126.5978158,4.3,없음,,있음,120000.0,있음,150000.0,있음,180000.0,있음,있음,있음,있음,있음,없음,있음,있음,없음,없음,없음,없음,없음,있음,없음,있음,있음,없음,없음,있음,없음,있음,있음
한국관광공사,관광호텔업,2성,2020-05-11,경상남도,호텔 라온,34,경상남도 함양군 함양읍 함양로 1148-2,055-962-1234,http://raonhotel.modoo.at/,,,,,,,,,,,,,,,,,,,,,,,,,,,,,,,,,,
한국관광공사,관광호텔업,4성,2020-04-21,부산광역시,코모도 호텔,311,부산광역시?중구?중구로?151  (영주동),051-461-9101,https://www.commodore.co.kr/html/intro/,,,,,,,,,,,,,,,,,,,,,,,,,,,,,,,,,,
한국관광공사,관광호텔업,3성,2020-04-21,강원도,베니키아 호텔 비즈인,65,강원도 원주시 만대로 7-1,033-748-0100,http://www.biz-inn.co.kr/,,,,,,,,,,,,,,,,,,,,,,,,,,,,,,,,,,
한국관광공사,관광호텔업,1성,2020-04-21,전라북도,오페라 21 호텔,65,전라북도 전주시 덕진구 정언신로 186  (우아동2가),063-244-6400,http://www.opera21.co.kr,,,,,,,,,,,,,,,,,,,,,,,,,,,,,,,,,,
한국관광공사,관광호텔업,3성,2020-04-17,충청북도,수안보 상록 호텔,101,충청북도?충주시?수안보면?주정산로?22  ,043-845-3500,https://www.sangnokresort.co.kr/main.do?sksktype=sa,,,,,,,,,,,,,,,,,,,,,,,,,,,,,,,,,,
한국관광공사,소형호텔업,1성,2020-04-16,경상남도,오션 스파 호텔,27,경상남도 고성군 고성읍 신월로 60 ,055-673-7781,http://oceanspahotel.co.kr,,,,,,,,,,,,,,,,,,,,,,,,,,,,,,,,,,
한국관광공사,소형호텔업,2성,2020-04-13,경기도,호텔가덴 비즈,20,경기도 수원시 권선구 경수대로335번길 10  (권선동),031-239-5572,http://www.hotelgaden.com/home/,,,,,,,,,,,,,,,,,,,,,,,,,,,,,,,,,,
한국관광공사,관광호텔업,2성,2020-04-10,서울특별시,호텔 컬리넌 역삼,54,서울특별시 강남구 언주로87길 11  (역삼동),02-562-3520,http://cullinanhotel.com,,,,,,,,,,,,,,,,,,,,,,,,,,,,,,,,,,
한국관광공사,관광호텔업,4성,2018-12-27,서울특별시,글래드 호텔 여의도,319,서울특별시?영등포구?의사당대로?16  (여의도동),02-6222-5311,http://www.glad-hotels.com,,,,,,,,,,,,,,,,,,,,,,,,,,,,,,,,,,
한국관광공사,관광호텔업,3성,2018-12-07,충청북도,청풍리조트 레이크 호텔,180,충청북도?제천시?청풍면?청풍호로?1798  ,043-640-7190,https://www.cheongpungresort.co.kr,,,,,,,,,,,,,,,,,,,,,,,,,,,,,,,,,,
한국관광공사,관광호텔업,2성,2018-12-05,서울특별시,호텔 디오레,39,서울특별시?마포구?동교로?162-7  (서교동),02-332-2333,http://www.the-ore.com,,,,,,,,,,,,,,,,,,,,,,,,,,,,,,,,,,
한국관광공사,관광호텔업,1성,2018-12-03,서울특별시,호텔 컬리넌 건대 2,56,서울특별시?광진구?동일로?214  (군자동),02-499-1583,http://hdtelcullinan.co.kr/,,,,,,,,,,,,,,,,,,,,,,,,,,,,,,,,,,
한국관광공사,관광호텔업,4성,2018-11-08,서울특별시,글래드 호텔 마포,378,서울특별시?마포구?마포대로?92  (도화동),02-2197-5000,http://www.glad-hotels.com,,,,,,,,,,,,,,,,,,,,,,,,,,,,,,,,,,
한국관광공사,관광호텔업,5성,2018-11-07,서울특별시,임피리얼 팰리스 호텔,405,서울특별시?강남구?언주로?640  (논현동),02-3440-8000,http://www.imperialpalace.co.kr,,,,,,,,,,,,,,,,,,,,,,,,,,,,,,,,,,
한국관광공사,관광호텔업,3성,2018-08-29,울산광역시,스타즈 호텔 울산,345,울산광역시?남구?남중로?65  (삼산동),052-922-4000,http://www.stazhotelulsan.com/,,,,,,,,,,,,,,,,,,,,,,,,,,,,,,,,,,
한국관광공사,관광호텔업,2성,2018-08-16,울산광역시,호텔 여우비,105,울산광역시?남구?산업로647번길?14  (삼산동),052-267-7777,,,,,,,,,,,,,,,,,,,,,,,,,,,,,,,,,,,
한국관광공사,관광호텔업,1성,2018-08-13,부산광역시,유엔 송도 호텔,45,부산광역시?서구?충무대로?16  (암남동),051-242-6635,http://www.유엔호텔.kr/,,,,,,,,,,,,,,,,,,,,,,,,,,,,,,,,,,
한국관광공사,관광호텔업,3성,2018-08-09,서울특별시,스타즈 호텔 명동 2호점,174,서울특별시 중구 수표로 16,02-2260-8000,http://stazhotelmyeongdong2.com/appmain.php,,,,,,,,,,,,,,,,,,,,,,,,,,,,,,,,,,
한국관광공사,관광호텔업,3성,2018-08-07,서울특별시,스타즈 호텔 명동 1호점,150,서울특별시 중구 충무로9길 20,02-2020-4000,http://stazhotelmyeongdong1.com/appmain.php,,,,,,,,,,,,,,,,,,,,,,,,,,,,,,,,,,
한국관광공사,관광호텔업,2성,2018-08-01,경상북도,피오레 관광호텔,60,경상북도?구미시?여헌로?9  (인의동),054-475-9090,http://www.fiorehotel.co.kr,,,,,,,,,,,,,,,,,,,,,,,,,,,,,,,,,,
한국관광공사,관광호텔업,3성,2018-07-27,경기도,"호텔 스퀘어 안산(구, 인터불고 안산)",203,경기도?안산시?단원구?동산로?81  (원시동),031-490-2132,http://hotelsquare.co.kr/,,,,,,,,,,,,,,,,,,,,,,,,,,,,,,,,,,
한국관광공사,관광호텔업,3성,2018-07-23,서울특별시,서울 호텔 프리마,120,서울특별시?강남구?도산대로?536  (청담동),02-6006-9114,http://www.prima.co.kr,,,,,,,,,,,,,,,,,,,,,,,,,,,,,,,,,,
한국관광공사,관광호텔업,4성,2018-07-21,서울특별시,서울 해밀톤 호텔,166,서울특별시?용산구?이태원로?179  (이태원동),02-3786-6303,http://www.hamilton.co.kr,,,,,,,,,,,,,,,,,,,,,,,,,,,,,,,,,,
한국관광공사,관광호텔업,3성,2018-07-13,서울특별시,이비스 스타일 앰배서더 명동,180,서울특별시?중구?삼일대로?302  (충무로2가),02-6020-8814,https://www.ambatel.com/ibisstyles/myeongdong/ko/main.do,,,,,,,,,,,,,,,,,,,,,,,,,,,,,,,,,,
한국관광공사,관광호텔업,1성,2018-07-13,서울특별시,호텔 컬리넌 건대,55,서울특별시?광진구?동일로?212  (군자동),02-465-7171,http://hotelcullinan.co.kr/,,,,,,,,,,,,,,,,,,,,,,,,,,,,,,,,,,
한국관광공사,관광호텔업,3성,2018-07-11,부산광역시,파라곤 호텔,132,부산광역시?사상구?광장로?46  (괘법동),051-328-2001,http://www.hotelparagon.com,,,,,,,,,,,,,,,,,,,,,,,,,,,,,,,,,,
한국관광공사,관광호텔업,2성,2018-06-21,광주광역시,호텔 무등 파크,110,광주광역시?동구?지호로164번길?14-10  (지산동),062-231-1571,http://www.hotelmudeungpark.co.kr,,,,,,,,,,,,,,,,,,,,,,,,,,,,,,,,,,
한국관광공사,관광호텔업,2성,2018-06-19,대전광역시,디엠프레스호텔,66,대전광역시?서구?한밭대로570번길?29-20  (월평동),042-485-3030,http://www.theempresshotel.co.kr,,,,,,,,,,,,,,,,,,,,,,,,,,,,,,,,,,
한국관광공사,소형호텔업,1성,2018-06-14,경상북도,울릉도 이사부 호텔,24,경상북도 울릉군 울릉읍 도동1길 21-1,054-791-8253,http://www.ulleunghotel.com,,,,,,,,,,,,,,,,,,,,,,,,,,,,,,,,,,
한국관광공사,관광호텔업,4성,2018-06-05,서울특별시,호텔 PJ,272,서울특별시?중구?마른내로?71  (인현동1가),02-2280-7000,http://hotelpj.co.kr,,,,,,,,,,,,,,,,,,,,,,,,,,,,,,,,,,
한국관광공사,관광호텔업,2성,2018-05-30,부산광역시,광장호텔,56,부산광역시?동구?중앙대로214번길?7  (초량동),051-464-3141,http://www.hotelgwangjang,,,,,,,,,,,,,,,,,,,,,,,,,,,,,,,,,,
한국관광공사,관광호텔업,3성,2018-05-30,경기도,홀리데이인 익스프레스 수원인계 호텔,249,경기도?수원시?팔달구?인계로?116  (인계동),031-5177-0000,http://www.holidayinnexpress.com/suwon,,,,,,,,,,,,,,,,,,,,,,,,,,,,,,,,,,
한국관광공사,관광호텔업,2성,2018-05-09,서울특별시,인사동 크라운 호텔,83,서울특별시?종로구?삼일대로30길?9  (낙원동),02-3676-8000,http://www.hotelcrown.com,,,,,,,,,,,,,,,,,,,,,,,,,,,,,,,,,,
한국관광공사,관광호텔업,3성,2018-04-30,경상남도,애드미럴 호텔,129,경상남도?거제시?서간도길?16  (옥포동),055-687-3761,http://www.admiralhotel.co.kr,,,,,,,,,,,,,,,,,,,,,,,,,,,,,,,,,,
한국관광공사,관광호텔업,4성,2018-03-29,서울특별시,퍼시픽 호텔,181,서울특별시?중구?퇴계로20길?2  (남산동2가),02-777-7811,http://www.thepacifichotel.co.kr,,,,,,,,,,,,,,,,,,,,,,,,,,,,,,,,,,
한국관광공사,관광호텔업,4성,2018-03-21,서울특별시,로얄 호텔 서울,310,서울특별시?중구?명동길?61  (명동1가),02-2129-5712,http://www.royal.co.kr,,,,,,,,,,,,,,,,,,,,,,,,,,,,,,,,,,
한국관광공사,관광호텔업,3성,2018-03-09,인천광역시,인천 호텔 카리스,142,인천광역시?계양구?계양대로?28  (작전동),032-556-0880,http://www.hotelcharis.com,37.5264073,126.7185357,4.2,없음,,있음,153000.0,없음,,없음,,있음,있음,있음,있음,있음,없음,있음,있음,있음,있음,없음,없음,있음,있음,없음,있음,있음,없음,없음,있음,있음,없음,있음
한국관광공사,관광호텔업,5성,2018-03-05,서울특별시,쉐라톤 서울 디큐브시티 호텔,269,"서울특별시?구로구?경인로?662  (신도림동,?디큐브시티)",02-2211-2000,http://www.sheratonseouldcubecity.co.kr,,,,,,,,,,,,,,,,,,,,,,,,,,,,,,,,,,
한국관광공사,관광호텔업,3성,2018-02-14,서울특별시,메트로 호텔,78,서울특별시?중구?명동9가길?14  (을지로2가),02-752-1112,http://www.metrohotel.co.kr,,,,,,,,,,,,,,,,,,,,,,,,,,,,,,,,,,
한국관광공사,관광호텔업,3성,2018-02-14,경기도,이루다 호텔,95,경기도?안양시?만안구?만안로?71  (안양동),031-443-2700,http://www.hoteliruda.com,,,,,,,,,,,,,,,,,,,,,,,,,,,,,,,,,,
한국관광공사,관광호텔업,4성,2018-02-13,서울특별시,노보텔 앰배서더 서울 강남,332,서울특별시?강남구?봉은사로?130  (역삼동),02-567-1101,https://novotel.ambatel.com/gangnam/main.amb,,,,,,,,,,,,,,,,,,,,,,,,,,,,,,,,,,
한국관광공사,관광호텔업,4성,2018-02-13,인천광역시,베스트웨스턴 프리미어 인천 에어포트 호텔,305,인천광역시?중구?공항로424번길?48-27  (운서동),032-743-1000,http://www.airporthotel.co.kr,37.4383983,126.4553689,4.2,있음,141000.0,있음,165000.0,없음,,없음,,있음,있음,있음,있음,있음,없음,있음,있음,없음,없음,없음,없음,있음,있음,있음,있음,있음,없음,있음,있음,있음,없음,있음
한국관광공사,관광호텔업,4성,2018-02-07,서울특별시,호텔 삼정,160,서울특별시?강남구?봉은사로?150  (역삼동),02-6916-0232,http://www.samjunghotel.co.kr,,,,,,,,,,,,,,,,,,,,,,,,,,,,,,,,,,
한국관광공사,관광호텔업,4성,2018-01-04,대구광역시,노보텔 앰배서더 대구,204,대구광역시?중구?국채보상로?611  (문화동),053-664-1101,https://www.ambatel.com/novotel/daegu/ko/main.do,,,,,,,,,,,,,,,,,,,,,,,,,,,,,,,,,,
한국관광공사,관광호텔업,3성,2017-12-29,부산광역시,스탠포드 호텔 부산,132,부산광역시?중구?구덕로?53  (남포동5가),051-795-7700,http://www.stanfordbusan.com,,,,,,,,,,,,,,,,,,,,,,,,,,,,,,,,,,
한국관광공사,관광호텔업,2성,2017-12-29,서울특별시,호텔 스카이파크 명동 2호점,132,서울특별시?중구?명동9길?22  (을지로2가),02-6900-9387,http://skyparkhotel.com,,,,,,,,,,,,,,,,,,,,,,,,,,,,,,,,,,
한국관광공사,소형호텔업,2성,2017-12-21,전라남도,호텔아이엠,29,전라남도?순천시?역전광장1길?6  (조곡동),061-744-1570,http://www.hoteliam.co.kr,,,,,,,,,,,,,,,,,,,,,,,,,,,,,,,,,,
한국관광공사,관광호텔업,1성,2017-12-12,경기도,분당 리젠시 호텔,56,경기도?성남시?분당구?황새울로?352  (서현동),031-1544-6880,http://www.regency.kr,,,,,,,,,,,,,,,,,,,,,,,,,,,,,,,,,,
한국관광공사,관광호텔업,2성,2017-12-05,경기도,메이트 호텔,62,경기도?성남시?분당구?황새울로335번길?7  (서현동),031-705-5111,http://www.matehotel-bundang.co.kr/,,,,,,,,,,,,,,,,,,,,,,,,,,,,,,,,,,
한국관광공사,관광호텔업,2성,2017-12-04,인천광역시,3S호텔 소래포구점,53,인천광역시?남동구?소래역로?26-16  (논현동),032-435-4977,http://sjdesignhotel.co.kr,37.3995235,126.7322071,4.4,없음,,있음,200000.0,없음,,있음,220000.0,있음,있음,있음,있음,있음,있음,있음,있음,없음,없음,없음,없음,없음,있음,없음,있음,있음,없음,있음,있음,없음,있음,없음
한국관광공사,관광호텔업,3성,2017-12-04,서울특별시,베스트웨스턴 프리미어 강남호텔,128,서울특별시?강남구?봉은사로?139  (논현동),02-6474-1530,http://www.bestwesterngangnam.com,,,,,,,,,,,,,,,,,,,,,,,,,,,,,,,,,,
한국관광공사,관광호텔업,2성,2017-11-20,서울특별시,킴스 관광호텔,51,서울특별시?종로구?평창문화로?136  (평창동),02-379-0520,http://kimshotel.co.kr/,,,,,,,,,,,,,,,,,,,,,,,,,,,,,,,,,,
한국관광공사,관광호텔업,3성,2017-11-20,대구광역시,팔공 에밀리아 호텔,40,대구광역시?동구?팔공산로?1121  (용수동),053-623-1000,http://www.emillia.co.kr,,,,,,,,,,,,,,,,,,,,,,,,,,,,,,,,,,
한국관광공사,관광호텔업,2성,2017-11-15,충청북도,제천 서울 관광호텔,45,충청북도?제천시?의병대로13길?10  (명동),043-651-8000,http://www.hotelseoul.kr,,,,,,,,,,,,,,,,,,,,,,,,,,,,,,,,,,
한국관광공사,관광호텔업,4성,2017-11-15,서울특별시,세종 호텔,333,서울특별시?중구?퇴계로?145  (충무로2가),02-773-6000,http://www.sejong.co.kr,,,,,,,,,,,,,,,,,,,,,,,,,,,,,,,,,,
한국관광공사,관광호텔업,3성,2017-11-08,부산광역시,부산 관광호텔,275,부산광역시?중구?광복로97번길?23  (동광동2가),051-241-4301,http://www.busanhotel.kr,,,,,,,,,,,,,,,,,,,,,,,,,,,,,,,,,,
한국관광공사,관광호텔업,3성,2017-10-30,서울특별시,써미트 호텔,190,서울특별시?중구?장충단로?198  (장충동1가),02-2285-0540,http://www.summithotelseoul.com,,,,,,,,,,,,,,,,,,,,,,,,,,,,,,,,,,
한국관광공사,관광호텔업,4성,2017-10-10,인천광역시,베스트웨스턴 인천로얄호텔,140,인천광역시 남동구 백범로 367,032-421-3300,http://www.royalhotel.co.kr,37.46537375,126.7059589,3.5,없음,,있음,280000.0,있음,321000.0,있음,360000.0,있음,있음,있음,있음,있음,있음,있음,있음,있음,없음,없음,없음,없음,있음,있음,있음,있음,없음,있음,있음,없음,없음,있음
한국관광공사,관광호텔업,2성,2017-09-29,서울특별시,코코모 호텔,47,서울특별시?구로구?새말로?20  (구로동),02-2229-5500,http://www.hotelcocomo.com,,,,,,,,,,,,,,,,,,,,,,,,,,,,,,,,,,
한국관광공사,관광호텔업,3성,2017-08-31,서울특별시,이비스 앰배서더 호텔 인사동,363,서울특별시?종로구?삼일대로30길?31  (익선동),02-6730-1131,http://ibis.ambatel.com/insadong,,,,,,,,,,,,,,,,,,,,,,,,,,,,,,,,,,
한국관광공사,관광호텔업,4성,2017-08-21,대전광역시,호텔 인터시티,204,대전광역시 유성구 온천로 92,042-600-6000,,,,,,,,,,,,,,,,,,,,,,,,,,,,,,,,,,,
한국관광공사,관광호텔업,3성,2017-08-07,강원도,호텔 인터불고 원주,152,강원도 원주시 동부순환로 200,033-769-8114,http://wonju.inter-burgo.com,,,,,,,,,,,,,,,,,,,,,,,,,,,,,,,,,,
한국관광공사,관광호텔업,4성,2017-08-01,서울특별시,노보텔 앰배서더 독산,218,서울특별시 금천구 시흥대로 378,02-838-1101,http://novotel.ambatel.com/doksan,,,,,,,,,,,,,,,,,,,,,,,,,,,,,,,,,,
한국관광공사,관광호텔업,4성,2017-08-01,서울특별시,나인트리 프리미어호텔 명동 2,408,서울특별시 중구 마른내로 28,02-6967-0999,http://www.ninetreehotel.com,,,,,,,,,,,,,,,,,,,,,,,,,,,,,,,,,,
한국관광공사,관광호텔업,3성,2017-07-21,충청남도,티포인트 호텔,51,충청남도 천안시 서북구 성정공원5로 42,041-565-9955,http://hoteltpoint.com/,,,,,,,,,,,,,,,,,,,,,,,,,,,,,,,,,,
한국관광공사,소형호텔업,1성,2017-07-19,서울특별시,IMT 호텔,20,서울특별시 송파구 오금로11길 29-5,02-420-2211,,,,,,,,,,,,,,,,,,,,,,,,,,,,,,,,,,,
한국관광공사,관광호텔업,2성,2017-07-07,부산광역시,노아 호텔,51,부산광역시 중구 자갈치로47번길 3-1,051-710-6777,,,,,,,,,,,,,,,,,,,,,,,,,,,,,,,,,,,
한국관광공사,관광호텔업,3성,2017-06-29,서울특별시,호텔 유리앤,175,서울특별시 강남구 삼성로96길 20,02-500-2300,http://www.uri-nhotel.com/,,,,,,,,,,,,,,,,,,,,,,,,,,,,,,,,,,
한국관광공사,관광호텔업,1성,2017-06-20,서울특별시,호텔 컬리넌 왕십리,70,서울특별시 성동구 무학로2길 47,02-2298-0070,http://hotelcullinan.co.kr,,,,,,,,,,,,,,,,,,,,,,,,,,,,,,,,,,
한국관광공사,관광호텔업,3성,2017-06-19,인천광역시,호텔소프라 (구. 조양관광호텔),148,인천광역시 서구 서곶로301번길 21,032-568-8700,http://www.choyanghotel.com/,37.5444182,126.6701112,4.7,없음,,있음,86000.0,있음,115000.0,없음,,있음,있음,있음,있음,있음,없음,있음,있음,없음,없음,없음,없음,있음,있음,있음,있음,있음,없음,있음,있음,없음,없음,있음
한국관광공사,관광호텔업,3성,2017-06-15,강원도,베니키아 춘천베어스 호텔,78,강원도 춘천시 스포츠타운길 376,033-256-2525,http://www.hotelbears.co.kr,,,,,,,,,,,,,,,,,,,,,,,,,,,,,,,,,,
한국관광공사,관광호텔업,2성,2017-06-09,서울특별시,호텔 2.4,51,서울특별시 송파구 오금로11길 55-16,02-420-2400,http://www.hotel2-4.com/,,,,,,,,,,,,,,,,,,,,,,,,,,,,,,,,,,
한국관광공사,관광호텔업,3성,2017-06-09,서울특별시,로사나 부띠끄 호텔,81,서울특별시 송파구 삼학사로 98,02-2143-3000,http://www.rosanahotel.co.kr,,,,,,,,,,,,,,,,,,,,,,,,,,,,,,,,,,
한국관광공사,소형호텔업,1성,2017-06-09,부산광역시,반달호텔,28,부산광역시 중구 해관로 79-1,051-462-8008,http://www.bandalhotel.com,,,,,,,,,,,,,,,,,,,,,,,,,,,,,,,,,,
한국관광공사,관광호텔업,1성,2017-06-02,서울특별시,신촌라싸호텔,44,서울특별시 서대문구 연세로2가길 3,02-393-1199,,,,,,,,,,,,,,,,,,,,,,,,,,,,,,,,,,,
한국관광공사,관광호텔업,3성,2017-05-24,서울특별시,스탠다드 호텔,50,서울특별시 강서구 공항대로 518,02-2642-6200,http://www.standardhotel.co.kr/,,,,,,,,,,,,,,,,,,,,,,,,,,,,,,,,,,
한국관광공사,관광호텔업,2성,2017-05-24,서울특별시,호텔 트리아,50,서울특별시 강남구 테헤란로33길 16,02-553-2471,http://www.triahotel.co.kr,,,,,,,,,,,,,,,,,,,,,,,,,,,,,,,,,,
한국관광공사,관광호텔업,1성,2017-04-17,광주광역시,마스터스 관광호텔,74,광주광역시 서구 상무연하로 46,062-382-7700,http://www.mastershotel.com/,,,,,,,,,,,,,,,,,,,,,,,,,,,,,,,,,,
한국관광공사,관광호텔업,3성,2017-04-13,서울특별시,에이큐브 호텔,43,서울특별시 중구 동호로35길 5,02-2264-2888,,,,,,,,,,,,,,,,,,,,,,,,,,,,,,,,,,,
한국관광공사,관광호텔업,2성,2017-04-05,경기도,약암홍염천관광호텔,71,경기도 김포시 대곶면 약암로 965-7,031-989-7000,http://www.yakam.co.kr,,,,,,,,,,,,,,,,,,,,,,,,,,,,,,,,,,
한국관광공사,관광호텔업,4성,2017-03-28,서울특별시,글래드 라이브 강남,210,서울특별시 강남구 봉은사로 223,02-550-9700,,,,,,,,,,,,,,,,,,,,,,,,,,,,,,,,,,,
한국관광공사,관광호텔업,1성,2017-03-21,부산광역시,이데아 호텔,52,부산광역시 남구 유엔평화로 35,051-611-6643,http://www.hotelgaden.com/,,,,,,,,,,,,,,,,,,,,,,,,,,,,,,,,,,
한국관광공사,한국전통호텔업,3성,2017-03-14,전라남도,오동재 한옥 호텔,40,전라남도 여수시 박람회길 99,061-650-0300,http://www.jnto.co.kr,,,,,,,,,,,,,,,,,,,,,,,,,,,,,,,,,,
한국관광공사,관광호텔업,2성,2017-02-23,인천광역시,리버관광호텔,63,인천광역시 계양구 계양문화로53번길 6,032-554-0310,http://www.riverhotel.co.kr,37.5359241,126.7317346,4.5,없음,,있음,80000.0,없음,,없음,,있음,있음,있음,있음,있음,있음,있음,있음,있음,없음,없음,없음,없음,있음,없음,있음,있음,없음,있음,있음,없음,있음,있음
